Weight,FatContent,ProductVisibility,ProductType,MRP,EstablishmentYear,OutletSize,LocationType,OutletType
20.75,Low Fat,0.007564836,Snack Foods,107.8622,1999,Medium,Tier 1,Supermarket Type1
8.3,reg,0.038427677,Dairy,87.3198,2007,,Tier 2,Supermarket Type1
14.6,Low Fat,0.099574908,Others,241.7538,1998,,Tier 3,Grocery Store
7.315,Low Fat,0.015388393,Snack Foods,155.034,2007,,Tier 2,Supermarket Type1
,Regular,0.118599314,Dairy,234.23,1985,Medium,Tier 3,Supermarket Type3
9.8,Regular,0.063817206,Fruits and Vegetables,117.1492,1997,Small,Tier 1,Supermarket Type1
19.35,Regular,0.082601537,Baking Goods,50.1034,2009,Medium,Tier 3,Supermarket Type2
,Low Fat,0.015782495,Baking Goods,81.0592,1985,Medium,Tier 3,Supermarket Type3
6.305,Regular,0.123365446,Snack Foods,95.7436,2002,,Tier 2,Supermarket Type1
5.985,Low Fat,0.005698435,Baking Goods,186.8924,2007,,Tier 2,Supermarket Type1
16.6,Low Fat,0.103569075,Fruits and Vegetables,118.3466,2007,,Tier 2,Supermarket Type1
6.59,Low Fat,0.10581147,Fruits and Vegetables,85.3908,2002,,Tier 2,Supermarket Type1
,Low Fat,0.171079215,Health and Hygiene,240.4196,1985,Small,Tier 1,Grocery Store
4.785,Low Fat,0.092737611,Breads,122.3098,1999,Medium,Tier 1,Supermarket Type1
16.75,LF,0.021206464,Hard Drinks,52.0298,1987,High,Tier 3,Supermarket Type1
6.135,Regular,0.0794507,Baking Goods,151.6366,1999,Medium,Tier 1,Supermarket Type1
19.85,Low Fat,0.05413521,Seafood,198.7768,2002,,Tier 2,Supermarket Type1
17.85,Low Fat,0.037980963,Soft Drinks,192.2188,2009,Medium,Tier 3,Supermarket Type2
,Low Fat,0.028184344,Household,109.6912,1985,Medium,Tier 3,Supermarket Type3
13.6,Low Fat,0.196897637,Snack Foods,193.7136,1998,,Tier 3,Grocery Store
7.1,Low Fat,0.109920138,Fruits and Vegetables,175.008,1987,High,Tier 3,Supermarket Type1
19.2,Low Fat,0.182619235,Others,239.9196,2004,Small,Tier 2,Supermarket Type1
13.65,LF,0.065630844,Frozen Foods,47.7402,1997,Small,Tier 1,Supermarket Type1
,Low Fat,0.027447057,Others,142.347,1985,Small,Tier 1,Grocery Store
19.2,Low Fat,0.035178935,Snack Foods,180.7318,2004,Small,Tier 2,Supermarket Type1
6.785,Regular,0.038455125,Snack Foods,209.4928,1998,,Tier 3,Grocery Store
13,Low Fat,0.035102094,Household,47.6034,2004,Small,Tier 2,Supermarket Type1
5.825,Low Fat,0.091485232,Household,161.3894,1997,Small,Tier 1,Supermarket Type1
13.8,Low Fat,0.058102469,Dairy,244.6802,1997,Small,Tier 1,Supermarket Type1
12.8,LF,0.022940349,Fruits and Vegetables,116.5492,2004,Small,Tier 2,Supermarket Type1
,Low Fat,0.06737681,Household,32.09,1985,Small,Tier 1,Grocery Store
9.5,Regular,0.022148582,Meat,194.9452,2009,Medium,Tier 3,Supermarket Type2
12.5,Low Fat,0.006792707,Household,42.4112,2009,Medium,Tier 3,Supermarket Type2
,Regular,0.024870035,Fruits and Vegetables,217.7508,1985,Medium,Tier 3,Supermarket Type3
5.78,Low Fat,0.096931426,Breads,164.2552,2007,,Tier 2,Supermarket Type1
,Regular,0.008693632,Meat,205.098,1985,Medium,Tier 3,Supermarket Type3
,Low Fat,0.078961284,Canned,80.3644,1985,Medium,Tier 3,Supermarket Type3
10.395,Low Fat,0.050479463,Baking Goods,114.0176,1998,,Tier 3,Grocery Store
18.35,Low Fat,0.089485918,Household,192.1504,2007,,Tier 2,Supermarket Type1
,Low Fat,0.01594238,Household,103.3964,1985,Medium,Tier 3,Supermarket Type3
21.1,Low Fat,0.029127115,Household,143.3786,2009,Medium,Tier 3,Supermarket Type2
19.75,LF,0.069236421,Fruits and Vegetables,116.6466,1998,,Tier 3,Grocery Store
8.43,Low Fat,0.178699961,Household,173.9422,2007,,Tier 2,Supermarket Type1
15.35,Low Fat,0.015740089,Others,144.847,2009,Medium,Tier 3,Supermarket Type2
6.71,Low Fat,0.059565107,Breads,217.2166,1998,,Tier 3,Grocery Store
10.195,Low Fat,0.126277921,Canned,112.1886,1987,High,Tier 3,Supermarket Type1
11.65,Low Fat,0.291322397,Dairy,55.8298,1998,,Tier 3,Grocery Store
12.85,Low Fat,0.053433908,Health and Hygiene,183.2608,2004,Small,Tier 2,Supermarket Type1
12.15,Low Fat,0.131155007,Frozen Foods,248.146,2004,Small,Tier 2,Supermarket Type1
18.25,Low Fat,0.075194929,Snack Foods,124.9046,1997,Small,Tier 1,Supermarket Type1
5.98,Low Fat,0.075557965,Hard Drinks,57.0614,1997,Small,Tier 1,Supermarket Type1
12.65,Low Fat,0.122928415,Meat,106.6938,1987,High,Tier 3,Supermarket Type1
13.1,Regular,0.044442342,Fruits and Vegetables,181.0318,2007,,Tier 2,Supermarket Type1
20.7,Regular,0.100741569,Fruits and Vegetables,122.3388,2007,,Tier 2,Supermarket Type1
,Regular,0.039651481,Fruits and Vegetables,188.7188,1985,Medium,Tier 3,Supermarket Type3
7.855,Low Fat,0.011278673,Canned,188.8188,1999,Medium,Tier 1,Supermarket Type1
13.35,Regular,0,Snack Foods,179.666,1987,High,Tier 3,Supermarket Type1
17.25,LF,0.106952661,Frozen Foods,38.3822,1987,High,Tier 3,Supermarket Type1
,Regular,0.129825457,Snack Foods,263.2568,1985,Small,Tier 1,Grocery Store
10.395,Regular,0.029947409,Dairy,90.1514,2002,,Tier 2,Supermarket Type1
8.315,Regular,0.035565457,Baking Goods,144.8444,2004,Small,Tier 2,Supermarket Type1
20.7,Regular,0.047760002,Dairy,214.9876,2007,,Tier 2,Supermarket Type1
,Low Fat,0.015089147,Household,141.347,1985,Medium,Tier 3,Supermarket Type3
21.35,Low Fat,0.07818366,Fruits and Vegetables,96.8094,2007,,Tier 2,Supermarket Type1
5.88,Low Fat,0.086632125,Frozen Foods,152.6998,2002,,Tier 2,Supermarket Type1
,Regular,0.064306056,Starchy Foods,90.3804,1985,Medium,Tier 3,Supermarket Type3
7.435,low fat,0.08493006,Starchy Foods,165.8158,2007,,Tier 2,Supermarket Type1
14.65,Low Fat,0.072066634,Household,262.5594,1997,Small,Tier 1,Supermarket Type1
14,Low Fat,0.041256807,Starchy Foods,181.2634,1987,High,Tier 3,Supermarket Type1
18.2,Low Fat,0.058587558,Household,221.6456,2002,,Tier 2,Supermarket Type1
17.6,Low Fat,0.015711434,Household,180.0976,1999,Medium,Tier 1,Supermarket Type1
,Low Fat,0.032714163,Baking Goods,108.1938,1985,Medium,Tier 3,Supermarket Type3
7.71,Regular,0.047782552,Dairy,122.3756,2009,Medium,Tier 3,Supermarket Type2
7.81,Low Fat,0.067560171,Soft Drinks,245.2486,1999,Medium,Tier 1,Supermarket Type1
16.35,Low Fat,0.029505077,Household,256.2646,2002,,Tier 2,Supermarket Type1
13,Regular,0.045076104,Soft Drinks,173.7054,2002,,Tier 2,Supermarket Type1
,Low Fat,0.299544153,Snack Foods,124.8704,1985,Small,Tier 1,Grocery Store
13.35,Low Fat,0.139452413,Frozen Foods,148.6392,1997,Small,Tier 1,Supermarket Type1
,Low Fat,0.246178257,Hard Drinks,252.4382,1985,Small,Tier 1,Grocery Store
16.1,LF,0.065128984,Dairy,145.176,1987,High,Tier 3,Supermarket Type1
17.85,Low Fat,0.024816585,Soft Drinks,152.6998,2004,Small,Tier 2,Supermarket Type1
5.34,Regular,0.005988175,Snack Foods,100.6358,2009,Medium,Tier 3,Supermarket Type2
5.51,Low Fat,0.034473804,Health and Hygiene,97.3726,1997,Small,Tier 1,Supermarket Type1
6.61,Regular,0.028987582,Snack Foods,188.6898,1987,High,Tier 3,Supermarket Type1
6.38,Low Fat,0.032078604,Dairy,177.6344,2007,,Tier 2,Supermarket Type1
16.1,Regular,0.013593151,Fruits and Vegetables,108.9596,2004,Small,Tier 2,Supermarket Type1
13.65,LF,0.015911432,Breads,230.5668,1997,Small,Tier 1,Supermarket Type1
19.2,Regular,0.005588601,Starchy Foods,225.5062,1997,Small,Tier 1,Supermarket Type1
8.71,Low Fat,0.139510771,Canned,46.2376,2002,,Tier 2,Supermarket Type1
17.75,Regular,0.262504325,Dairy,242.2538,1998,,Tier 3,Grocery Store
19.35,Regular,0,Meat,165.7816,2002,,Tier 2,Supermarket Type1
,Low Fat,0.056783774,Dairy,223.1404,1985,Medium,Tier 3,Supermarket Type3
,Low Fat,0.041536279,Frozen Foods,107.7912,1985,Medium,Tier 3,Supermarket Type3
6.44,Low Fat,0.079538056,Breads,99.47,2009,Medium,Tier 3,Supermarket Type2
12.6,Low Fat,0.064057374,Health and Hygiene,122.1414,1987,High,Tier 3,Supermarket Type1
7.935,Low Fat,0.017156262,Dairy,48.135,1997,Small,Tier 1,Supermarket Type1
18.25,Low Fat,0.054540968,Snack Foods,140.4154,2007,,Tier 2,Supermarket Type1
18.5,Regular,0.045648973,Dairy,145.6102,2009,Medium,Tier 3,Supermarket Type2
6.035,Regular,0.065917194,Baking Goods,185.724,2002,,Tier 2,Supermarket Type1
11.8,Low Fat,0.058687359,Health and Hygiene,81.1618,1987,High,Tier 3,Supermarket Type1
6.26,Regular,0.009908113,Meat,151.1366,2009,Medium,Tier 3,Supermarket Type2
16.5,Regular,0.094395215,Baking Goods,97.2068,2007,,Tier 2,Supermarket Type1
15.7,Regular,0.02777326,Canned,169.279,2007,,Tier 2,Supermarket Type1
6.635,reg,0.006326106,Baking Goods,122.1098,1997,Small,Tier 1,Supermarket Type1
,low fat,0.143990546,Soft Drinks,191.553,1985,Small,Tier 1,Grocery Store
,Low Fat,0.09233359,Household,250.6066,1985,Medium,Tier 3,Supermarket Type3
,Low Fat,0.083661793,Canned,248.6092,1985,Small,Tier 1,Grocery Store
14,Regular,0.042022999,Snack Foods,53.064,1999,Medium,Tier 1,Supermarket Type1
,Regular,0.072044336,Dairy,48.8692,1985,Medium,Tier 3,Supermarket Type3
17.75,Low Fat,0,Dairy,249.775,2009,Medium,Tier 3,Supermarket Type2
17.75,Low Fat,0.024404214,Fruits and Vegetables,159.0262,1998,,Tier 3,Grocery Store
8.155,Low Fat,0.119450639,Meat,190.653,1997,Small,Tier 1,Supermarket Type1
17.25,Low Fat,0.121917641,Canned,76.6986,1998,,Tier 3,Grocery Store
,Regular,0.131905128,Frozen Foods,232.0668,1985,Medium,Tier 3,Supermarket Type3
6.175,Regular,0.179043614,Meat,95.3752,2004,Small,Tier 2,Supermarket Type1
,Low Fat,0.0152302,Hard Drinks,107.0938,1985,Medium,Tier 3,Supermarket Type3
8.18,Regular,0.082401592,Frozen Foods,55.9588,1997,Small,Tier 1,Supermarket Type1
8.355,Low Fat,0.013917468,Baking Goods,92.5462,1987,High,Tier 3,Supermarket Type1
6.905,Regular,0.038140213,Dairy,96.3726,2004,Small,Tier 2,Supermarket Type1
20.35,Low Fat,0.054166556,Snack Foods,116.9466,2002,,Tier 2,Supermarket Type1
,Low Fat,0.03229139,Baking Goods,178.766,1985,Medium,Tier 3,Supermarket Type3
19.25,Low Fat,0.108641498,Household,33.0558,2007,,Tier 2,Supermarket Type1
5.48,Low Fat,0.015105338,Frozen Foods,84.625,2004,Small,Tier 2,Supermarket Type1
5.425,Regular,0.114650377,Baking Goods,87.3514,1999,Medium,Tier 1,Supermarket Type1
12.1,Low Fat,0.115342009,Baking Goods,220.2114,2009,Medium,Tier 3,Supermarket Type2
,Regular,0,Baking Goods,186.424,1985,Medium,Tier 3,Supermarket Type3
11,Low Fat,0.00896468,Meat,120.6756,2002,,Tier 2,Supermarket Type1
5.765,Low Fat,0.082346376,Baking Goods,38.8164,2009,Medium,Tier 3,Supermarket Type2
13.8,Low Fat,0.013318,Canned,110.1254,2009,Medium,Tier 3,Supermarket Type2
13.8,Low Fat,0.01325293,Canned,108.2254,1987,High,Tier 3,Supermarket Type1
5.44,Regular,0.017131453,Baking Goods,177.837,2009,Medium,Tier 3,Supermarket Type2
12.8,Low Fat,0.022925594,Fruits and Vegetables,116.4492,1987,High,Tier 3,Supermarket Type1
6.13,Low Fat,0.028316137,Household,109.3912,2004,Small,Tier 2,Supermarket Type1
8.195,Low Fat,0.052562923,Baking Goods,93.9462,1998,,Tier 3,Grocery Store
14.15,Low Fat,0.1837926,Soft Drinks,81.3276,1999,Medium,Tier 1,Supermarket Type1
,Low Fat,0.111296158,Frozen Foods,151.2708,1985,Small,Tier 1,Grocery Store
16.75,Low Fat,0.029860799,Snack Foods,39.5822,2009,Medium,Tier 3,Supermarket Type2
14.3,LF,0.130617879,Baking Goods,76.5328,1999,Medium,Tier 1,Supermarket Type1
,LF,0.238990225,Canned,94.7094,1985,Small,Tier 1,Grocery Store
5.635,Low Fat,0.103186396,Baking Goods,151.805,1987,High,Tier 3,Supermarket Type1
5.73,Low Fat,0,Soft Drinks,188.3898,1998,,Tier 3,Grocery Store
7.155,Regular,0.168186376,Breads,36.5874,1997,Small,Tier 1,Supermarket Type1
15.2,low fat,0.050255855,Soft Drinks,97.3752,1999,Medium,Tier 1,Supermarket Type1
15.25,Low Fat,0.061173235,Household,128.5968,2004,Small,Tier 2,Supermarket Type1
10.395,Regular,0.029881147,Dairy,89.5514,2004,Small,Tier 2,Supermarket Type1
8.76,Low Fat,0.050154219,Health and Hygiene,126.9336,2002,,Tier 2,Supermarket Type1
9.13,Low Fat,0.051837621,Household,152.6024,2004,Small,Tier 2,Supermarket Type1
,Low Fat,0.11013617,Fruits and Vegetables,189.7846,1985,Medium,Tier 3,Supermarket Type3
19.6,Low Fat,0.024086626,Household,106.0964,2007,,Tier 2,Supermarket Type1
,Low Fat,0.013115567,Household,53.7614,1985,Medium,Tier 3,Supermarket Type3
20.35,Low Fat,0,Snack Foods,118.9466,1999,Medium,Tier 1,Supermarket Type1
10,Low Fat,0.038764258,Fruits and Vegetables,246.2144,2002,,Tier 2,Supermarket Type1
11.3,Low Fat,0.07986963,Household,180.466,1998,,Tier 3,Grocery Store
6.57,Low Fat,0.066057085,Hard Drinks,259.3278,2004,Small,Tier 2,Supermarket Type1
13.15,Low Fat,0.093044518,Household,158.4604,2009,Medium,Tier 3,Supermarket Type2
4.635,Low Fat,0.140771867,Breads,129.4994,1987,High,Tier 3,Supermarket Type1
10.6,Regular,0.033186809,Breakfast,49.1008,2009,Medium,Tier 3,Supermarket Type2
9.3,Low Fat,0.11139344,Breads,65.2826,1999,Medium,Tier 1,Supermarket Type1
7.02,Low Fat,0.049966527,Dairy,82.525,2002,,Tier 2,Supermarket Type1
13.8,Low Fat,0.097212998,Dairy,58.293,1999,Medium,Tier 1,Supermarket Type1
7.825,Regular,0.150863781,Frozen Foods,158.0288,2007,,Tier 2,Supermarket Type1
19.1,Low Fat,0.091900406,Others,182.5608,2004,Small,Tier 2,Supermarket Type1
7.51,Low Fat,0.017414576,Fruits and Vegetables,231.101,1987,High,Tier 3,Supermarket Type1
8.85,Low Fat,0.053866912,Fruits and Vegetables,183.0292,1997,Small,Tier 1,Supermarket Type1
17.35,Low Fat,0.014714625,Frozen Foods,75.4038,1999,Medium,Tier 1,Supermarket Type1
17.75,Low Fat,0.127140836,Baking Goods,110.5544,1998,,Tier 3,Grocery Store
,Regular,0.061923154,Baking Goods,87.5514,1985,Medium,Tier 3,Supermarket Type3
16.6,Low Fat,0.122417514,Fruits and Vegetables,174.3738,1999,Medium,Tier 1,Supermarket Type1
15.15,Low Fat,0,Baking Goods,150.4708,2002,,Tier 2,Supermarket Type1
5.46,Regular,0.053858378,Canned,186.924,1998,,Tier 3,Grocery Store
9.5,Regular,0.048784266,Starchy Foods,188.5898,2002,,Tier 2,Supermarket Type1
13.5,LF,0.073080167,Household,161.492,2007,,Tier 2,Supermarket Type1
8.275,Low Fat,0.184602443,Household,106.5306,1998,,Tier 3,Grocery Store
10.8,Regular,0.080582001,Baking Goods,39.4138,1998,,Tier 3,Grocery Store
5.635,Low Fat,0.103856487,Baking Goods,151.305,2007,,Tier 2,Supermarket Type1
7.51,Low Fat,0.017500079,Fruits and Vegetables,228.801,2009,Medium,Tier 3,Supermarket Type2
,Low Fat,0.173275373,Baking Goods,127.6362,1985,Medium,Tier 3,Supermarket Type3
,Low Fat,0.083393481,Meat,180.6292,1985,Medium,Tier 3,Supermarket Type3
,Regular,0.0450476,Baking Goods,36.4874,1985,Medium,Tier 3,Supermarket Type3
,Low Fat,0.051816577,Soft Drinks,236.4564,1985,Medium,Tier 3,Supermarket Type3
15.5,Regular,0.026297031,Fruits and Vegetables,102.7332,2004,Small,Tier 2,Supermarket Type1
4.905,low fat,0.117808305,Canned,198.5768,2009,Medium,Tier 3,Supermarket Type2
9.285,Regular,0.049270974,Frozen Foods,243.9144,2004,Small,Tier 2,Supermarket Type1
8.97,Low Fat,0.093540749,Household,55.4956,2007,,Tier 2,Supermarket Type1
18.75,Low Fat,0.087105823,Health and Hygiene,108.228,1998,,Tier 3,Grocery Store
8.895,Low Fat,0,Household,110.9544,1999,Medium,Tier 1,Supermarket Type1
16.35,Low Fat,0.068068082,Fruits and Vegetables,199.1426,2004,Small,Tier 2,Supermarket Type1
10.195,Regular,0.01761655,Starchy Foods,239.4538,1987,High,Tier 3,Supermarket Type1
9.5,Low Fat,0.040898157,Hard Drinks,225.2088,1999,Medium,Tier 1,Supermarket Type1
12.1,Low Fat,0.079791176,Household,169.5106,2004,Small,Tier 2,Supermarket Type1
12.5,Low Fat,0.031049674,Fruits and Vegetables,101.399,1997,Small,Tier 1,Supermarket Type1
15.2,Low Fat,0.019112323,Snack Foods,236.2248,2009,Medium,Tier 3,Supermarket Type2
5.635,Low Fat,0.103272336,Baking Goods,151.205,1997,Small,Tier 1,Supermarket Type1
,Regular,0.054001526,Canned,227.8352,1985,Small,Tier 1,Grocery Store
8.895,Regular,0.081073148,Snack Foods,51.2008,2004,Small,Tier 2,Supermarket Type1
,Low Fat,0.019774239,Household,154.5972,1985,Medium,Tier 3,Supermarket Type3
,Regular,0.153038134,Fruits and Vegetables,219.0456,1985,Small,Tier 1,Grocery Store
6.89,Regular,0.13720009,Snack Foods,191.882,2007,,Tier 2,Supermarket Type1
16.25,Low Fat,0.02573698,Fruits and Vegetables,169.3474,1997,Small,Tier 1,Supermarket Type1
,Low Fat,0.070354806,Frozen Foods,53.9298,1985,Small,Tier 1,Grocery Store
,Regular,0.047028483,Snack Foods,118.3782,1985,Medium,Tier 3,Supermarket Type3
13.85,Low Fat,0.030857538,Soft Drinks,140.6154,2002,,Tier 2,Supermarket Type1
16.75,Low Fat,0.045302246,Snack Foods,189.1556,2007,,Tier 2,Supermarket Type1
18,Low Fat,0.073341257,Canned,155.7972,2002,,Tier 2,Supermarket Type1
9.21,Low Fat,0.00880049,Fruits and Vegetables,123.0414,2009,Medium,Tier 3,Supermarket Type2
20.85,Low Fat,0.039562497,Meat,118.1808,1997,Small,Tier 1,Supermarket Type1
10,Low Fat,0.038745948,Fruits and Vegetables,245.0144,1999,Medium,Tier 1,Supermarket Type1
5.48,Low Fat,0.015193653,Frozen Foods,82.825,2007,,Tier 2,Supermarket Type1
19.25,Regular,0.027075481,Meat,195.611,2004,Small,Tier 2,Supermarket Type1
18.5,Low Fat,0.052068722,Snack Foods,117.0124,1997,Small,Tier 1,Supermarket Type1
,Regular,0.114010306,Canned,112.2202,1985,Medium,Tier 3,Supermarket Type3
,LF,0.111641021,Household,38.8848,1985,Small,Tier 1,Grocery Store
15.7,Regular,0.008771522,Meat,205.798,2009,Medium,Tier 3,Supermarket Type2
20.25,Regular,0.103304968,Canned,92.612,2007,,Tier 2,Supermarket Type1
10.8,LF,0.028919203,Snack Foods,240.9222,1987,High,Tier 3,Supermarket Type1
18.5,Low Fat,0.034136703,Others,130.0284,2007,,Tier 2,Supermarket Type1
,Regular,0.045393469,Meat,102.2674,1985,Small,Tier 1,Grocery Store
,Regular,0.047199898,Frozen Foods,244.9144,1985,Medium,Tier 3,Supermarket Type3
18,Low Fat,0.07319282,Canned,154.2972,1997,Small,Tier 1,Supermarket Type1
10.5,Low Fat,0.011287929,Household,238.9248,1997,Small,Tier 1,Supermarket Type1
,Low Fat,0.036628533,Hard Drinks,145.6128,1985,Small,Tier 1,Grocery Store
14,Regular,0.105057952,Frozen Foods,141.1812,1987,High,Tier 3,Supermarket Type1
15.6,Regular,0,Snack Foods,169.2132,1997,Small,Tier 1,Supermarket Type1
11.6,Low Fat,0.017741644,Canned,178.3686,2004,Small,Tier 2,Supermarket Type1
16.25,Low Fat,0.039225553,Household,116.2176,2002,,Tier 2,Supermarket Type1
20.5,Low Fat,0.141766029,Starchy Foods,87.4172,2004,Small,Tier 2,Supermarket Type1
5.035,Regular,0.080236064,Breads,226.4036,2009,Medium,Tier 3,Supermarket Type2
17.6,Low Fat,0.082332074,Health and Hygiene,160.392,1997,Small,Tier 1,Supermarket Type1
,Low Fat,0.136085739,Snack Foods,259.8962,1985,Small,Tier 1,Grocery Store
8.68,Low Fat,0.008885672,Frozen Foods,96.9384,2007,,Tier 2,Supermarket Type1
17.5,Low Fat,0,Snack Foods,255.2356,1987,High,Tier 3,Supermarket Type1
7.435,Low Fat,0.141355941,Starchy Foods,168.5158,1998,,Tier 3,Grocery Store
8.71,Low Fat,0.121227447,Canned,95.2778,2004,Small,Tier 2,Supermarket Type1
5.34,Regular,0.005975976,Snack Foods,100.8358,2002,,Tier 2,Supermarket Type1
10.695,Regular,0.011425458,Snack Foods,73.6038,1997,Small,Tier 1,Supermarket Type1
14.8,Regular,0.043961689,Breads,109.157,1999,Medium,Tier 1,Supermarket Type1
18,Low Fat,0.01949589,Health and Hygiene,127.8994,2007,,Tier 2,Supermarket Type1
12.15,Low Fat,0.029523375,Household,117.215,1997,Small,Tier 1,Supermarket Type1
,Regular,0.062751586,Frozen Foods,244.2486,1985,Small,Tier 1,Grocery Store
21.2,Regular,0,Starchy Foods,173.0738,2007,,Tier 2,Supermarket Type1
8.3,Low Fat,0.059175953,Fruits and Vegetables,37.8506,1998,,Tier 3,Grocery Store
9.06,Low Fat,0.009831566,Others,211.156,2007,,Tier 2,Supermarket Type1
5.095,reg,0.216762584,Snack Foods,142.2838,1998,,Tier 3,Grocery Store
11.15,Low Fat,0.057254675,Baking Goods,104.0622,2007,,Tier 2,Supermarket Type1
5.34,Regular,0,Snack Foods,101.0358,1998,,Tier 3,Grocery Store
19.75,Low Fat,0.041598912,Fruits and Vegetables,118.0466,2007,,Tier 2,Supermarket Type1
19.6,Low Fat,0.024206741,Dairy,47.0718,1987,High,Tier 3,Supermarket Type1
10.695,Low Fat,0.063862271,Household,38.1848,1999,Medium,Tier 1,Supermarket Type1
9.42,Regular,0.073484791,Frozen Foods,63.6194,1998,,Tier 3,Grocery Store
13.5,Regular,0.125983278,Snack Foods,264.691,2007,,Tier 2,Supermarket Type1
19.35,Regular,0.058161092,Fruits and Vegetables,239.4564,2002,,Tier 2,Supermarket Type1
9,Low Fat,0.1092139,Snack Foods,175.037,1998,,Tier 3,Grocery Store
,Regular,0.138195491,Frozen Foods,83.1276,1985,Small,Tier 1,Grocery Store
20.75,Low Fat,0.007595816,Snack Foods,104.4622,2007,,Tier 2,Supermarket Type1
15,Low Fat,0.11956313,Snack Foods,227.2694,2007,,Tier 2,Supermarket Type1
17.85,LF,0.018020588,Health and Hygiene,94.4094,2004,Small,Tier 2,Supermarket Type1
7.81,Low Fat,0.067442541,Soft Drinks,244.7486,2004,Small,Tier 2,Supermarket Type1
,Regular,0.008239804,Dairy,152.2708,1985,Medium,Tier 3,Supermarket Type3
12.1,Low Fat,0.030127406,Canned,74.567,1997,Small,Tier 1,Supermarket Type1
17.6,Regular,0.016014343,Breads,44.0402,1987,High,Tier 3,Supermarket Type1
14,Low Fat,0.041524729,Starchy Foods,181.7634,2007,,Tier 2,Supermarket Type1
15.1,Low Fat,0.055926872,Household,141.4496,1999,Medium,Tier 1,Supermarket Type1
14.5,Regular,0.097597084,Snack Foods,158.5262,2009,Medium,Tier 3,Supermarket Type2
,Low Fat,0.177107232,Dairy,157.5288,1985,Medium,Tier 3,Supermarket Type3
20.25,Regular,0,Canned,186.4924,1999,Medium,Tier 1,Supermarket Type1
9,Low Fat,0.019506654,Household,169.5474,1997,Small,Tier 1,Supermarket Type1
11.8,Low Fat,0.022936556,Health and Hygiene,177.6686,2009,Medium,Tier 3,Supermarket Type2
20.25,Low Fat,0.02610006,Household,182.8976,2007,,Tier 2,Supermarket Type1
7.51,Low Fat,0.103974431,Snack Foods,112.1544,1999,Medium,Tier 1,Supermarket Type1
,Regular,0.086360962,Snack Foods,153.7972,1985,Medium,Tier 3,Supermarket Type3
17.85,Low Fat,0.011298801,Snack Foods,213.256,2007,,Tier 2,Supermarket Type1
9.1,Low Fat,0.055541153,Household,115.6518,2002,,Tier 2,Supermarket Type1
,Low Fat,0.088720803,Health and Hygiene,144.4102,1985,Medium,Tier 3,Supermarket Type3
5.88,Low Fat,0.024866609,Household,148.3392,1987,High,Tier 3,Supermarket Type1
15,Low Fat,0.064129493,Hard Drinks,45.906,2004,Small,Tier 2,Supermarket Type1
16.1,Low Fat,0.100213917,Fruits and Vegetables,79.0328,2004,Small,Tier 2,Supermarket Type1
21.25,Low Fat,0.155621254,Snack Foods,178.237,1999,Medium,Tier 1,Supermarket Type1
21.1,Regular,0.161832494,Fruits and Vegetables,65.7168,2002,,Tier 2,Supermarket Type1
11.8,Regular,0.170283492,Canned,115.1834,1997,Small,Tier 1,Supermarket Type1
15.15,Regular,0.012313256,Snack Foods,132.8284,2009,Medium,Tier 3,Supermarket Type2
,Low Fat,0,Dairy,94.812,1985,Medium,Tier 3,Supermarket Type3
5.985,Low Fat,0.005689466,Baking Goods,186.6924,2009,Medium,Tier 3,Supermarket Type2
9.13,Low Fat,0.052140695,Household,153.4024,2007,,Tier 2,Supermarket Type1
9,Regular,0.050579228,Canned,151.3024,1999,Medium,Tier 1,Supermarket Type1
,Regular,0.04904165,Frozen Foods,245.5144,1985,Medium,Tier 3,Supermarket Type3
17.75,Low Fat,0.034806679,Dairy,250.175,1999,Medium,Tier 1,Supermarket Type1
,Regular,0.095395258,Breads,131.131,1985,Small,Tier 1,Grocery Store
7.325,Low Fat,0.093530571,Fruits and Vegetables,90.4146,1999,Medium,Tier 1,Supermarket Type1
12.1,Regular,0.061124626,Soft Drinks,56.4614,1987,High,Tier 3,Supermarket Type1
14,Regular,0,Snack Foods,54.864,1997,Small,Tier 1,Supermarket Type1
12.85,Low Fat,0.121624114,Snack Foods,42.2428,1987,High,Tier 3,Supermarket Type1
7.535,Low Fat,0.081719458,Soft Drinks,118.444,1987,High,Tier 3,Supermarket Type1
16.35,Low Fat,0.01336643,Others,105.228,1997,Small,Tier 1,Supermarket Type1
,Low Fat,0.015035032,Frozen Foods,84.025,1985,Medium,Tier 3,Supermarket Type3
,Low Fat,0.059557164,Fruits and Vegetables,149.2366,1985,Medium,Tier 3,Supermarket Type3
19.2,Low Fat,0.077443049,Household,194.511,1987,High,Tier 3,Supermarket Type1
18.85,Low Fat,0.055470721,Baking Goods,132.1284,2002,,Tier 2,Supermarket Type1
14.5,Low Fat,0.019514867,Others,165.121,2002,,Tier 2,Supermarket Type1
6.46,Regular,0.08228859,Fruits and Vegetables,144.4102,1998,,Tier 3,Grocery Store
14.15,Low Fat,0.036090136,Soft Drinks,41.1138,2009,Medium,Tier 3,Supermarket Type2
20.25,Low Fat,0.098645981,Household,244.746,1998,,Tier 3,Grocery Store
15.7,Low Fat,0.03744271,Soft Drinks,181.1634,2007,,Tier 2,Supermarket Type1
20.25,Low Fat,0.147933567,Household,235.3616,1997,Small,Tier 1,Supermarket Type1
9.6,LF,0.084937598,Baking Goods,105.028,2004,Small,Tier 2,Supermarket Type1
20.5,Low Fat,0.020601136,Fruits and Vegetables,91.683,2004,Small,Tier 2,Supermarket Type1
12.35,Regular,0.158439388,Meat,156.0946,2004,Small,Tier 2,Supermarket Type1
,Low Fat,0,Health and Hygiene,165.7842,1985,Medium,Tier 3,Supermarket Type3
15.75,Low Fat,0.135072801,Household,99.17,1997,Small,Tier 1,Supermarket Type1
19.2,Low Fat,0.035156307,Snack Foods,179.1318,1987,High,Tier 3,Supermarket Type1
,Low Fat,0.014509564,Fruits and Vegetables,157.4262,1985,Medium,Tier 3,Supermarket Type3
9.395,Regular,0.100315391,Baking Goods,85.8856,1987,High,Tier 3,Supermarket Type1
18.2,Low Fat,0.058420325,Household,221.4456,1987,High,Tier 3,Supermarket Type1
19,Low Fat,0.027096298,Household,128.6336,2009,Medium,Tier 3,Supermarket Type2
4.805,Regular,0.037912667,Dairy,125.8704,2007,,Tier 2,Supermarket Type1
8.85,Low Fat,0.016110572,Household,104.2964,2007,,Tier 2,Supermarket Type1
11.65,Regular,0.076158144,Snack Foods,82.9908,2009,Medium,Tier 3,Supermarket Type2
9.395,Low Fat,0.104338095,Snack Foods,236.8932,2007,,Tier 2,Supermarket Type1
9.695,Low Fat,0.129998012,Fruits and Vegetables,185.1898,1997,Small,Tier 1,Supermarket Type1
18.7,Regular,0,Frozen Foods,231.201,2002,,Tier 2,Supermarket Type1
20.75,LF,0.024247803,Fruits and Vegetables,123.973,2009,Medium,Tier 3,Supermarket Type2
8.89,Low Fat,0.005483027,Frozen Foods,100.4016,1999,Medium,Tier 1,Supermarket Type1
12.6,Low Fat,0.064371885,Health and Hygiene,119.8414,2009,Medium,Tier 3,Supermarket Type2
12.6,Low Fat,0.082684949,Household,176.6054,1987,High,Tier 3,Supermarket Type1
13.1,Regular,0.098984923,Frozen Foods,198.2768,2002,,Tier 2,Supermarket Type1
9.3,Regular,0.014016743,Snack Foods,196.8084,2004,Small,Tier 2,Supermarket Type1
,Regular,0.060880827,Meat,124.4388,1985,Medium,Tier 3,Supermarket Type3
17.7,Regular,0.068511767,Fruits and Vegetables,83.2276,1998,,Tier 3,Grocery Store
17.85,Low Fat,0,Snack Foods,127.502,2002,,Tier 2,Supermarket Type1
8.935,Low Fat,0.04017515,Frozen Foods,54.1298,2004,Small,Tier 2,Supermarket Type1
11.15,Low Fat,0.120441348,Dairy,43.7744,2009,Medium,Tier 3,Supermarket Type2
,Low Fat,0.045440803,Household,179.5976,1985,Small,Tier 1,Grocery Store
11.1,LF,0.135906738,Snack Foods,217.9482,2007,,Tier 2,Supermarket Type1
10,Low Fat,0.025973288,Canned,264.3226,2007,,Tier 2,Supermarket Type1
,Regular,0.23372937,Baking Goods,52.4298,1985,Small,Tier 1,Grocery Store
12.8,Low Fat,0.091552173,Others,107.1938,2007,,Tier 2,Supermarket Type1
9.895,Regular,0.028883289,Canned,116.6492,2007,,Tier 2,Supermarket Type1
13.35,Low Fat,0.03236252,Meat,62.0194,2007,,Tier 2,Supermarket Type1
7.785,Low Fat,0.139835844,Dairy,104.7306,2002,,Tier 2,Supermarket Type1
,Low Fat,0.049810328,Health and Hygiene,129.2336,1985,Medium,Tier 3,Supermarket Type3
16.35,Low Fat,0.068466049,Fruits and Vegetables,197.1426,2007,,Tier 2,Supermarket Type1
11.5,Low Fat,0.073178424,Fruits and Vegetables,189.153,2009,Medium,Tier 3,Supermarket Type2
15.2,Low Fat,0.113535259,Soft Drinks,36.0848,2007,,Tier 2,Supermarket Type1
19.35,Low Fat,0.026222599,Fruits and Vegetables,169.0474,1999,Medium,Tier 1,Supermarket Type1
19.5,Regular,0,Soft Drinks,233.1958,1997,Small,Tier 1,Supermarket Type1
16.1,Regular,0.01361686,Fruits and Vegetables,107.2596,1999,Medium,Tier 1,Supermarket Type1
,Low Fat,0.023770288,Soft Drinks,107.728,1985,Medium,Tier 3,Supermarket Type3
18.5,Regular,0.045720935,Dairy,145.6102,2007,,Tier 2,Supermarket Type1
,Low Fat,0.097145513,Starchy Foods,223.8746,1985,Medium,Tier 3,Supermarket Type3
15.1,Regular,0.099858247,Fruits and Vegetables,146.4786,1997,Small,Tier 1,Supermarket Type1
17.25,Regular,0.047339698,Snack Foods,96.5068,1999,Medium,Tier 1,Supermarket Type1
19,LF,0.129596025,Household,190.5872,2002,,Tier 2,Supermarket Type1
10.6,Regular,0.033024663,Breakfast,49.3008,1987,High,Tier 3,Supermarket Type1
,Low Fat,0.195963464,Frozen Foods,105.1622,1985,Small,Tier 1,Grocery Store
15.2,Low Fat,0.112875322,Soft Drinks,37.2848,2004,Small,Tier 2,Supermarket Type1
5.845,Regular,0.104930609,Frozen Foods,212.3218,1987,High,Tier 3,Supermarket Type1
6.57,Low Fat,0.097275225,Household,192.682,2009,Medium,Tier 3,Supermarket Type2
21.1,Low Fat,0.010623794,Household,235.4958,2002,,Tier 2,Supermarket Type1
4.88,Regular,0.134248297,Baking Goods,54.9298,2007,,Tier 2,Supermarket Type1
19.35,Low Fat,0.033139916,Meat,175.4738,1999,Medium,Tier 1,Supermarket Type1
11.1,Low Fat,0.044786137,Snack Foods,173.4054,1987,High,Tier 3,Supermarket Type1
19.35,Low Fat,0.197679823,Snack Foods,224.6088,1998,,Tier 3,Grocery Store
9.395,Regular,0.171042873,Fruits and Vegetables,139.9838,2004,Small,Tier 2,Supermarket Type1
8.1,Regular,0.019764765,Canned,86.6198,2004,Small,Tier 2,Supermarket Type1
9.1,LF,0.080455726,Household,47.3718,2002,,Tier 2,Supermarket Type1
9.395,Regular,0.109540783,Soft Drinks,41.9112,2009,Medium,Tier 3,Supermarket Type2
6.59,Low Fat,0.026291649,Household,121.7098,2009,Medium,Tier 3,Supermarket Type2
15.6,Low Fat,0.173299972,Fruits and Vegetables,113.3518,2009,Medium,Tier 3,Supermarket Type2
20.85,Low Fat,0.021325759,Fruits and Vegetables,104.6306,2004,Small,Tier 2,Supermarket Type1
17.7,Regular,0.042441097,Frozen Foods,163.221,1987,High,Tier 3,Supermarket Type1
12.35,reg,0,Meat,158.8946,1997,Small,Tier 1,Supermarket Type1
11,Regular,0.057381292,Fruits and Vegetables,241.2512,2007,,Tier 2,Supermarket Type1
,Regular,0.017277445,Meat,150.7366,1985,Small,Tier 1,Grocery Store
,LF,0.047249645,Household,126.7336,1985,Small,Tier 1,Grocery Store
,Low Fat,0.046408928,Meat,153.5682,1985,Medium,Tier 3,Supermarket Type3
15.1,Regular,0.067456225,Snack Foods,257.5304,2007,,Tier 2,Supermarket Type1
10.3,Low Fat,0.027315417,Fruits and Vegetables,98.7042,1997,Small,Tier 1,Supermarket Type1
7.035,Low Fat,0.021972988,Frozen Foods,264.091,2007,,Tier 2,Supermarket Type1
12.65,Low Fat,0.059270332,Baking Goods,229.101,1998,,Tier 3,Grocery Store
15.15,Low Fat,0.027936385,Baking Goods,151.1708,2007,,Tier 2,Supermarket Type1
19.75,Low Fat,0.033958586,Snack Foods,212.0902,2002,,Tier 2,Supermarket Type1
5.34,Regular,0.005973153,Snack Foods,99.0358,1999,Medium,Tier 1,Supermarket Type1
12,Low Fat,0.033968012,Canned,181.0976,2004,Small,Tier 2,Supermarket Type1
6.28,Low Fat,0.027861814,Soft Drinks,85.5198,2007,,Tier 2,Supermarket Type1
,Low Fat,0.134564284,Fruits and Vegetables,42.7086,1985,Small,Tier 1,Grocery Store
10,Low Fat,0.099851786,Snack Foods,111.7544,2002,,Tier 2,Supermarket Type1
,Low Fat,0.280083047,Snack Foods,92.712,1985,Small,Tier 1,Grocery Store
19.5,Low Fat,0.026320247,Household,184.9608,1998,,Tier 3,Grocery Store
10.695,Regular,0.060665739,Breakfast,173.7712,1997,Small,Tier 1,Supermarket Type1
17,Low Fat,0.052290474,Health and Hygiene,122.873,1999,Medium,Tier 1,Supermarket Type1
6.78,Regular,0.140447292,Baking Goods,93.312,2002,,Tier 2,Supermarket Type1
12.8,Regular,0.079076331,Dairy,183.7608,1997,Small,Tier 1,Supermarket Type1
15.7,Regular,0.030599358,Snack Foods,251.4724,1987,High,Tier 3,Supermarket Type1
17.7,Low Fat,0.051042366,Household,126.1678,2002,,Tier 2,Supermarket Type1
,Low Fat,0.123745045,Snack Foods,175.337,1985,Small,Tier 1,Grocery Store
19.85,Low Fat,0.04592756,Fruits and Vegetables,127.902,2007,,Tier 2,Supermarket Type1
16.25,Regular,0.048975573,Fruits and Vegetables,151.0682,1997,Small,Tier 1,Supermarket Type1
9.395,Regular,0.13177444,Frozen Foods,87.7198,1999,Medium,Tier 1,Supermarket Type1
16.85,Regular,0,Snack Foods,111.0544,2002,,Tier 2,Supermarket Type1
,Low Fat,0.068788985,Snack Foods,110.8228,1985,Medium,Tier 3,Supermarket Type3
10.1,Low Fat,0.05630601,Household,117.1492,2009,Medium,Tier 3,Supermarket Type2
12.15,Low Fat,0.025864429,Starchy Foods,121.844,1997,Small,Tier 1,Supermarket Type1
10.895,Low Fat,0.02704266,Others,49.4666,2004,Small,Tier 2,Supermarket Type1
,Regular,0.124994714,Frozen Foods,100.5358,1985,Medium,Tier 3,Supermarket Type3
,Regular,0.189512493,Dairy,97.7752,1985,Small,Tier 1,Grocery Store
17.1,Low Fat,0.038737554,Household,164.7842,1997,Small,Tier 1,Supermarket Type1
19.75,Low Fat,0.012445941,Fruits and Vegetables,187.8872,2004,Small,Tier 2,Supermarket Type1
15.85,Low Fat,0.05740255,Snack Foods,53.0956,1999,Medium,Tier 1,Supermarket Type1
14.85,Low Fat,0.018609305,Canned,187.1214,2002,,Tier 2,Supermarket Type1
16.25,Low Fat,0.078327268,Canned,90.9804,2002,,Tier 2,Supermarket Type1
15.1,Low Fat,0.093464804,Household,140.8496,1998,,Tier 3,Grocery Store
16.35,Low Fat,0.090702992,Household,195.111,1999,Medium,Tier 1,Supermarket Type1
13.15,Low Fat,0.024751688,Household,178.2686,2009,Medium,Tier 3,Supermarket Type2
7.71,Regular,0.0667322,Snack Foods,56.2956,2002,,Tier 2,Supermarket Type1
14.85,Low Fat,0.018647294,Canned,187.5214,2009,Medium,Tier 3,Supermarket Type2
8.775,Low Fat,0.021603383,Fruits and Vegetables,112.2228,1997,Small,Tier 1,Supermarket Type1
,Low Fat,0.065799906,Health and Hygiene,101.1042,1985,Small,Tier 1,Grocery Store
8.1,Low Fat,0,Fruits and Vegetables,213.2902,1999,Medium,Tier 1,Supermarket Type1
8.775,Low Fat,0.109890489,Dairy,45.0428,2004,Small,Tier 2,Supermarket Type1
,Regular,0.017093789,Snack Foods,224.0404,1985,Small,Tier 1,Grocery Store
,LF,0.16898615,Canned,184.2266,1985,Medium,Tier 3,Supermarket Type3
15.5,Regular,0.026302004,Fruits and Vegetables,102.7332,1997,Small,Tier 1,Supermarket Type1
,Regular,0.105155137,Fruits and Vegetables,43.2796,1985,Medium,Tier 3,Supermarket Type3
7.785,Low Fat,0.088708388,Fruits and Vegetables,65.051,1997,Small,Tier 1,Supermarket Type1
6.635,Regular,0.00632491,Baking Goods,119.1098,2004,Small,Tier 2,Supermarket Type1
17.75,Regular,0.029629236,Fruits and Vegetables,140.1838,1987,High,Tier 3,Supermarket Type1
12.15,Low Fat,0.064924087,Others,251.204,2009,Medium,Tier 3,Supermarket Type2
10.1,Low Fat,0.167123591,Soft Drinks,243.5512,2004,Small,Tier 2,Supermarket Type1
13.35,Low Fat,0.017813048,Dairy,77.0012,1999,Medium,Tier 1,Supermarket Type1
18.85,Low Fat,0.04045348,Household,247.0144,2002,,Tier 2,Supermarket Type1
21.1,Regular,0.161370557,Fruits and Vegetables,64.0168,1987,High,Tier 3,Supermarket Type1
6.305,Regular,0.123617286,Snack Foods,93.5436,2009,Medium,Tier 3,Supermarket Type2
6.63,Regular,0.104021582,Baking Goods,164.85,1997,Small,Tier 1,Supermarket Type1
12.1,Low Fat,0.067549872,Fruits and Vegetables,178.3002,1998,,Tier 3,Grocery Store
7.26,Low Fat,0.01441152,Meat,118.415,1987,High,Tier 3,Supermarket Type1
9.5,Regular,0.010961524,Snack Foods,184.4608,2009,Medium,Tier 3,Supermarket Type2
,Low Fat,0.087294906,Snack Foods,219.1798,1985,Medium,Tier 3,Supermarket Type3
16.75,Regular,0.014338639,Meat,75.7038,1998,,Tier 3,Grocery Store
7.365,Low Fat,0.159834724,Snack Foods,92.512,1987,High,Tier 3,Supermarket Type1
15.7,Regular,0.008753653,Meat,205.698,2002,,Tier 2,Supermarket Type1
17.2,Regular,0.012061003,Canned,166.4184,2009,Medium,Tier 3,Supermarket Type2
6.195,Regular,0.109596256,Baking Goods,118.8098,2002,,Tier 2,Supermarket Type1
21.2,Low Fat,0,Snack Foods,176.137,1999,Medium,Tier 1,Supermarket Type1
6.785,Regular,0.042047755,Meat,44.6112,1999,Medium,Tier 1,Supermarket Type1
13.6,Regular,0.049791265,Frozen Foods,108.7912,2009,Medium,Tier 3,Supermarket Type2
8.85,Low Fat,0.054086343,Fruits and Vegetables,182.2292,2009,Medium,Tier 3,Supermarket Type2
15.6,Regular,0.035476594,Snack Foods,112.4518,1987,High,Tier 3,Supermarket Type1
16.75,Low Fat,0.060534179,Dairy,169.4106,2004,Small,Tier 2,Supermarket Type1
14.15,Low Fat,0.034874689,Snack Foods,242.2828,1997,Small,Tier 1,Supermarket Type1
,Low Fat,0.066403009,Others,186.6924,1985,Medium,Tier 3,Supermarket Type3
6.575,Regular,0.075815345,Breads,144.6444,2009,Medium,Tier 3,Supermarket Type2
5.98,Low Fat,0.072915282,Fruits and Vegetables,145.1418,1998,,Tier 3,Grocery Store
5.63,Regular,0.041077066,Meat,106.5306,1998,,Tier 3,Grocery Store
20.7,Low Fat,0.169808455,Canned,183.4266,1997,Small,Tier 1,Supermarket Type1
11,Low Fat,0.106435421,Breads,125.7046,2007,,Tier 2,Supermarket Type1
6.03,Low Fat,0.022749737,Dairy,175.7028,2002,,Tier 2,Supermarket Type1
18.6,Low Fat,0.152029528,Breakfast,99.3358,2004,Small,Tier 2,Supermarket Type1
,Regular,0.01214561,Fruits and Vegetables,59.7904,1985,Medium,Tier 3,Supermarket Type3
10.3,Regular,0.011124197,Snack Foods,87.454,2004,Small,Tier 2,Supermarket Type1
20.25,Regular,0.018834342,Fruits and Vegetables,222.3772,1999,Medium,Tier 1,Supermarket Type1
16.7,Regular,0,Baking Goods,99.6384,1999,Medium,Tier 1,Supermarket Type1
7.315,Low Fat,0.015289106,Snack Foods,151.134,1987,High,Tier 3,Supermarket Type1
10.1,Low Fat,0.056394771,Household,115.9492,2007,,Tier 2,Supermarket Type1
9.42,Regular,0,Frozen Foods,61.3194,1999,Medium,Tier 1,Supermarket Type1
6.135,Regular,0.079650513,Baking Goods,150.1366,2009,Medium,Tier 3,Supermarket Type2
,Low Fat,0.030359318,Others,181.166,1985,Medium,Tier 3,Supermarket Type3
,Low Fat,0.04316119,Household,176.4686,1985,Small,Tier 1,Grocery Store
20.5,LF,0.020721583,Fruits and Vegetables,91.183,2007,,Tier 2,Supermarket Type1
13.85,Low Fat,0.031515822,Others,37.948,2007,,Tier 2,Supermarket Type1
12.6,Regular,0.073858923,Dairy,253.2356,1987,High,Tier 3,Supermarket Type1
20.85,Regular,0.056785107,Breads,102.2648,2007,,Tier 2,Supermarket Type1
15.7,Low Fat,0,Baking Goods,250.6724,1999,Medium,Tier 1,Supermarket Type1
19.7,Low Fat,0.041908424,Frozen Foods,109.5912,2009,Medium,Tier 3,Supermarket Type2
12.15,Regular,0.058377105,Fruits and Vegetables,160.6552,1987,High,Tier 3,Supermarket Type1
15.85,Regular,0.184169331,Frozen Foods,38.6506,1998,,Tier 3,Grocery Store
,Regular,0.279663801,Frozen Foods,35.6558,1985,Small,Tier 1,Grocery Store
14,Regular,0.042042857,Snack Foods,53.864,2002,,Tier 2,Supermarket Type1
15.5,Regular,0.100765839,Fruits and Vegetables,196.0768,1997,Small,Tier 1,Supermarket Type1
11.3,Low Fat,0.007291207,Meat,196.8426,1999,Medium,Tier 1,Supermarket Type1
,Regular,0.182980378,Canned,80.496,1985,Small,Tier 1,Grocery Store
5.695,Regular,0,Breads,256.4988,1998,,Tier 3,Grocery Store
16,Low Fat,0.057175809,Dairy,223.5404,2002,,Tier 2,Supermarket Type1
8.6,Low Fat,0.06969924,Household,92.6146,2009,Medium,Tier 3,Supermarket Type2
,Regular,0.120667057,Snack Foods,94.6752,1985,Medium,Tier 3,Supermarket Type3
7.475,Low Fat,0.148751515,Fruits and Vegetables,241.8854,1999,Medium,Tier 1,Supermarket Type1
9.5,Regular,0.133296733,Frozen Foods,229.8668,2007,,Tier 2,Supermarket Type1
13.65,Regular,0.013111823,Fruits and Vegetables,113.2834,2007,,Tier 2,Supermarket Type1
12.1,Low Fat,0.115052659,Baking Goods,222.6114,1999,Medium,Tier 1,Supermarket Type1
6.425,Low Fat,0.093644428,Fruits and Vegetables,174.3712,2002,,Tier 2,Supermarket Type1
7.39,Low Fat,0.092971061,Household,252.4066,2002,,Tier 2,Supermarket Type1
6.775,Low Fat,0.105245865,Household,81.925,1997,Small,Tier 1,Supermarket Type1
6.965,Low Fat,0.028664878,Household,159.0604,2009,Medium,Tier 3,Supermarket Type2
17.5,Low Fat,0.026142114,Snack Foods,256.3356,1997,Small,Tier 1,Supermarket Type1
16.6,Low Fat,0.027635129,Household,178.8344,2002,,Tier 2,Supermarket Type1
11.65,Regular,0.075786047,Snack Foods,85.3908,1987,High,Tier 3,Supermarket Type1
19.6,Regular,0.214306131,Snack Foods,166.7816,1998,,Tier 3,Grocery Store
,Low Fat,0.057118149,Fruits and Vegetables,124.8046,1985,Medium,Tier 3,Supermarket Type3
16.6,Low Fat,0.102967068,Fruits and Vegetables,118.8466,2004,Small,Tier 2,Supermarket Type1
,Low Fat,0.038549965,Household,164.2842,1985,Medium,Tier 3,Supermarket Type3
17.7,Low Fat,0.087945039,Dairy,183.3292,1999,Medium,Tier 1,Supermarket Type1
16.25,reg,0.048934817,Fruits and Vegetables,153.0682,1987,High,Tier 3,Supermarket Type1
11.6,Low Fat,0.040945898,Soft Drinks,142.9154,1997,Small,Tier 1,Supermarket Type1
9.6,Regular,0.023788808,Snack Foods,187.8872,1998,,Tier 3,Grocery Store
10.395,Regular,0.029861927,Dairy,86.6514,1987,High,Tier 3,Supermarket Type1
6.86,Low Fat,0.036611419,Household,230.201,2002,,Tier 2,Supermarket Type1
7.35,Low Fat,0.028589521,Fruits and Vegetables,42.0454,2004,Small,Tier 2,Supermarket Type1
8.8,Low Fat,0.071720362,Snack Foods,210.6612,2009,Medium,Tier 3,Supermarket Type2
7.905,Low Fat,0.09203683,Frozen Foods,110.5254,1998,,Tier 3,Grocery Store
10,Low Fat,0.099649694,Snack Foods,113.7544,1997,Small,Tier 1,Supermarket Type1
,Low Fat,0.099274751,Fruits and Vegetables,115.2518,1985,Medium,Tier 3,Supermarket Type3
15.35,Low Fat,0.020368186,Soft Drinks,216.9508,2002,,Tier 2,Supermarket Type1
19.85,Low Fat,0.176712457,Fruits and Vegetables,222.9772,2009,Medium,Tier 3,Supermarket Type2
17.75,Low Fat,0.034949223,Dairy,250.275,2007,,Tier 2,Supermarket Type1
,Low Fat,0.093315935,Frozen Foods,58.7904,1985,Small,Tier 1,Grocery Store
16.6,Low Fat,0.0163024,Health and Hygiene,109.5596,2007,,Tier 2,Supermarket Type1
5.735,Low Fat,0.05704978,Fruits and Vegetables,175.037,1999,Medium,Tier 1,Supermarket Type1
6.55,Regular,0.034674522,Breads,157.5288,2002,,Tier 2,Supermarket Type1
,Low Fat,0.015470159,Frozen Foods,100.4384,1985,Small,Tier 1,Grocery Store
7.35,Regular,0.014362412,Fruits and Vegetables,241.1512,2004,Small,Tier 2,Supermarket Type1
8.115,Regular,0.032224086,Canned,154.8972,2002,,Tier 2,Supermarket Type1
,LF,0.153585858,Snack Foods,221.1798,1985,Small,Tier 1,Grocery Store
8.05,Regular,0.165013572,Dairy,113.2518,2002,,Tier 2,Supermarket Type1
7.935,Low Fat,0.017226149,Dairy,48.635,2009,Medium,Tier 3,Supermarket Type2
17.25,LF,0.107041738,Frozen Foods,41.2822,1997,Small,Tier 1,Supermarket Type1
8.26,Regular,0.03249201,Soft Drinks,124.773,1999,Medium,Tier 1,Supermarket Type1
,Regular,0.104509448,Frozen Foods,214.7218,1985,Medium,Tier 3,Supermarket Type3
,Regular,0.077636468,Meat,236.2248,1985,Medium,Tier 3,Supermarket Type3
6.52,Low Fat,0.044598726,Canned,167.7842,2004,Small,Tier 2,Supermarket Type1
,Low Fat,0.169493477,Hard Drinks,57.0614,1985,Medium,Tier 3,Supermarket Type3
,Regular,0.051427223,Breads,187.7556,1985,Small,Tier 1,Grocery Store
13.5,Low Fat,0.021492339,Fruits and Vegetables,179.6976,2004,Small,Tier 2,Supermarket Type1
9.1,Regular,0,Frozen Foods,81.9618,2002,,Tier 2,Supermarket Type1
19.2,Regular,0.02304845,Fruits and Vegetables,183.495,2007,,Tier 2,Supermarket Type1
21.35,Low Fat,0.077729209,Fruits and Vegetables,97.0094,2004,Small,Tier 2,Supermarket Type1
8.05,Regular,0.165611092,Dairy,114.2518,2007,,Tier 2,Supermarket Type1
,Low Fat,0.027858864,Breads,230.2668,1985,Small,Tier 1,Grocery Store
12.85,Low Fat,0.033408076,Fruits and Vegetables,195.0768,2007,,Tier 2,Supermarket Type1
9.895,Regular,0.028779079,Canned,114.8492,2002,,Tier 2,Supermarket Type1
20.6,Regular,0.030557961,Dairy,210.2244,1999,Medium,Tier 1,Supermarket Type1
8.985,Regular,0.058154195,Frozen Foods,129.831,2007,,Tier 2,Supermarket Type1
18.25,Low Fat,0.079666936,Frozen Foods,226.9062,2007,,Tier 2,Supermarket Type1
15.1,Low Fat,0.095306027,Baking Goods,157.1604,1999,Medium,Tier 1,Supermarket Type1
,Regular,0.150455041,Snack Foods,170.879,1985,Small,Tier 1,Grocery Store
15.35,Low Fat,0.074731622,Snack Foods,87.883,1999,Medium,Tier 1,Supermarket Type1
,Low Fat,0.268966279,Canned,79.1986,1985,Small,Tier 1,Grocery Store
12,Low Fat,0.104392185,Health and Hygiene,258.8278,1999,Medium,Tier 1,Supermarket Type1
,Low Fat,0.039104567,Frozen Foods,245.3802,1985,Medium,Tier 3,Supermarket Type3
9.195,Regular,0.117963418,Snack Foods,161.1578,2009,Medium,Tier 3,Supermarket Type2
18.2,LF,0,Fruits and Vegetables,195.411,1998,,Tier 3,Grocery Store
18.85,Regular,0.138305372,Snack Foods,251.1724,1997,Small,Tier 1,Supermarket Type1
14.85,Regular,0,Dairy,261.691,1999,Medium,Tier 1,Supermarket Type1
19.85,Regular,0.020994235,Snack Foods,60.7194,2007,,Tier 2,Supermarket Type1
6.13,LF,0.028297924,Household,107.1912,1987,High,Tier 3,Supermarket Type1
,Low Fat,0.049660306,Canned,163.4894,1985,Small,Tier 1,Grocery Store
,Low Fat,0.029637145,Soft Drinks,146.9444,1985,Medium,Tier 3,Supermarket Type3
18.25,Low Fat,0.06049406,Starchy Foods,163.9526,2009,Medium,Tier 3,Supermarket Type2
17.35,Low Fat,0.056146632,Baking Goods,99.5016,2009,Medium,Tier 3,Supermarket Type2
,Low Fat,0.013925484,Soft Drinks,130.1652,1985,Medium,Tier 3,Supermarket Type3
,Low Fat,0.043574485,Household,148.3392,1985,Small,Tier 1,Grocery Store
6.52,Low Fat,0.044676513,Canned,167.6842,1999,Medium,Tier 1,Supermarket Type1
13.65,Regular,0.073025792,Frozen Foods,198.6426,1999,Medium,Tier 1,Supermarket Type1
13.5,Low Fat,0.072816495,Household,157.892,2002,,Tier 2,Supermarket Type1
16,Regular,0.115772125,Fruits and Vegetables,58.9246,1999,Medium,Tier 1,Supermarket Type1
10.6,Low Fat,0.057027285,Dairy,232.3642,2009,Medium,Tier 3,Supermarket Type2
20.85,Low Fat,0,Snack Foods,193.8452,1987,High,Tier 3,Supermarket Type1
7.42,Regular,0.025780862,Snack Foods,187.0872,1999,Medium,Tier 1,Supermarket Type1
14.35,Regular,0.090837986,Frozen Foods,232.7984,1987,High,Tier 3,Supermarket Type1
,Low Fat,0.009991275,Snack Foods,161.5552,1985,Medium,Tier 3,Supermarket Type3
20.7,Low Fat,0.039325397,Household,149.4366,2002,,Tier 2,Supermarket Type1
7.97,Low Fat,0.02156897,Seafood,106.4596,1999,Medium,Tier 1,Supermarket Type1
5,Low Fat,0,Soft Drinks,188.353,1987,High,Tier 3,Supermarket Type1
19.7,Low Fat,0,Soft Drinks,84.2592,2002,,Tier 2,Supermarket Type1
9,Low Fat,0.085883187,Snack Foods,167.4816,1987,High,Tier 3,Supermarket Type1
6.765,Regular,0.087615564,Frozen Foods,104.3306,2009,Medium,Tier 3,Supermarket Type2
4.555,Regular,0.034497126,Frozen Foods,110.3544,2009,Medium,Tier 3,Supermarket Type2
,Regular,0.025800674,Meat,101.6674,1985,Medium,Tier 3,Supermarket Type3
13.15,Regular,0.063525167,Snack Foods,86.3856,1998,,Tier 3,Grocery Store
9.395,Low Fat,0.165907543,Snack Foods,106.528,1998,,Tier 3,Grocery Store
4.88,Regular,0,Baking Goods,54.1298,2002,,Tier 2,Supermarket Type1
10,Low Fat,0.112492619,Snack Foods,237.559,1998,,Tier 3,Grocery Store
10.195,Low Fat,0.159906706,Frozen Foods,141.7154,2004,Small,Tier 2,Supermarket Type1
11.3,Low Fat,0.0479876,Household,180.866,2007,,Tier 2,Supermarket Type1
,Regular,0.062282301,Baking Goods,143.5444,1985,Small,Tier 1,Grocery Store
,Regular,0.03770442,Baking Goods,154.8656,1985,Medium,Tier 3,Supermarket Type3
,Low Fat,0.147355554,Health and Hygiene,107.0938,1985,Medium,Tier 3,Supermarket Type3
20.7,Regular,0.114762583,Dairy,95.1436,2007,,Tier 2,Supermarket Type1
15.35,Low Fat,0.09659331,Soft Drinks,198.2768,2002,,Tier 2,Supermarket Type1
5.44,LF,0.025531593,Dairy,241.5538,2002,,Tier 2,Supermarket Type1
6.715,Regular,0.121586376,Baking Goods,40.0454,1997,Small,Tier 1,Supermarket Type1
14.1,Low Fat,0.066875983,Snack Foods,198.8084,1997,Small,Tier 1,Supermarket Type1
11,Regular,0.088344041,Frozen Foods,158.463,2007,,Tier 2,Supermarket Type1
5.695,Low Fat,0.065535324,Frozen Foods,258.5646,1987,High,Tier 3,Supermarket Type1
17.1,Low Fat,0.054317483,Breads,85.7566,2002,,Tier 2,Supermarket Type1
18.6,Low Fat,0.077011493,Snack Foods,160.5236,2002,,Tier 2,Supermarket Type1
,low fat,0.045448081,Fruits and Vegetables,127.202,1985,Medium,Tier 3,Supermarket Type3
14,Low Fat,0.041374909,Starchy Foods,181.7634,2002,,Tier 2,Supermarket Type1
9.395,reg,0.109005584,Soft Drinks,43.3112,1987,High,Tier 3,Supermarket Type1
9.21,Low Fat,0.008814363,Fruits and Vegetables,122.7414,2007,,Tier 2,Supermarket Type1
16.25,Low Fat,0.057348328,Fruits and Vegetables,123.2046,1987,High,Tier 3,Supermarket Type1
,Low Fat,0.076483451,Household,117.3492,1985,Medium,Tier 3,Supermarket Type3
20.2,Regular,0.039407615,Breakfast,156.563,2009,Medium,Tier 3,Supermarket Type2
,Low Fat,0.104171229,Frozen Foods,122.4072,1985,Medium,Tier 3,Supermarket Type3
,Low Fat,0.03854151,Fruits and Vegetables,117.4808,1985,Medium,Tier 3,Supermarket Type3
17.6,Low Fat,0.105306199,Snack Foods,164.3868,2009,Medium,Tier 3,Supermarket Type2
17.6,Regular,0.07624018,Meat,113.1202,1999,Medium,Tier 1,Supermarket Type1
19.2,LF,0.041461032,Household,129.931,2007,,Tier 2,Supermarket Type1
,Low Fat,0.020228528,Soft Drinks,218.0508,1985,Medium,Tier 3,Supermarket Type3
17.85,Regular,0.046569711,Fruits and Vegetables,125.6388,1987,High,Tier 3,Supermarket Type1
17.35,Regular,0.04146639,Frozen Foods,90.9804,2004,Small,Tier 2,Supermarket Type1
18.6,Regular,0.171476879,Meat,47.0376,1997,Small,Tier 1,Supermarket Type1
13.85,Regular,0.043345406,Frozen Foods,162.821,1998,,Tier 3,Grocery Store
20.2,Regular,0.065692664,Breakfast,158.163,1998,,Tier 3,Grocery Store
7.655,Low Fat,0.031944868,Canned,116.1492,1997,Small,Tier 1,Supermarket Type1
11.8,Regular,0.107493292,Dairy,220.4772,2009,Medium,Tier 3,Supermarket Type2
18.2,Regular,0.026170661,Baking Goods,241.1196,2009,Medium,Tier 3,Supermarket Type2
20.7,Low Fat,0.039213146,Household,150.7366,1987,High,Tier 3,Supermarket Type1
18,Low Fat,0.065296399,Snack Foods,145.2418,1998,,Tier 3,Grocery Store
16.35,Low Fat,0.017019624,Household,94.541,1999,Medium,Tier 1,Supermarket Type1
14.1,Low Fat,0.113443531,Baking Goods,53.0956,1999,Medium,Tier 1,Supermarket Type1
,Low Fat,0.04153551,Health and Hygiene,32.8216,1985,Medium,Tier 3,Supermarket Type3
,Low Fat,0.03863415,Dairy,109.4886,1985,Small,Tier 1,Grocery Store
13.5,Low Fat,0.035980572,Fruits and Vegetables,180.8976,1998,,Tier 3,Grocery Store
6.67,Regular,0,Snack Foods,86.5514,1998,,Tier 3,Grocery Store
12.35,Low Fat,0.093485761,Snack Foods,119.6124,2002,,Tier 2,Supermarket Type1
8.895,Regular,0.137530409,Frozen Foods,162.5236,1987,High,Tier 3,Supermarket Type1
17.5,Low Fat,0.098056243,Soft Drinks,175.7738,1999,Medium,Tier 1,Supermarket Type1
15.1,Regular,0.099775148,Fruits and Vegetables,142.9786,1987,High,Tier 3,Supermarket Type1
20.5,Low Fat,0.032902177,Household,39.7822,2009,Medium,Tier 3,Supermarket Type2
9.3,Low Fat,0.028579933,Baking Goods,195.9136,2002,,Tier 2,Supermarket Type1
20.25,Regular,0.102883628,Canned,93.412,1999,Medium,Tier 1,Supermarket Type1
7.105,Low Fat,0.044800289,Household,58.0562,2004,Small,Tier 2,Supermarket Type1
5.095,Regular,0.13023619,Snack Foods,140.3838,2007,,Tier 2,Supermarket Type1
11.5,Regular,0,Snack Foods,110.5254,1997,Small,Tier 1,Supermarket Type1
19.6,Low Fat,0.041524729,Household,87.8514,2007,,Tier 2,Supermarket Type1
8.155,Regular,0.033607569,Frozen Foods,74.2354,1999,Medium,Tier 1,Supermarket Type1
5.175,Low Fat,0.0375513,Canned,84.1224,2009,Medium,Tier 3,Supermarket Type2
12.3,Regular,0.108158918,Starchy Foods,91.2804,1998,,Tier 3,Grocery Store
7.85,Low Fat,0.162844648,Hard Drinks,143.2444,1987,High,Tier 3,Supermarket Type1
,Low Fat,0.229678918,Frozen Foods,248.246,1985,Small,Tier 1,Grocery Store
10.5,Low Fat,0.05266193,Frozen Foods,88.183,2002,,Tier 2,Supermarket Type1
18.75,Low Fat,0.034447102,Household,212.5218,2009,Medium,Tier 3,Supermarket Type2
14.65,Low Fat,0.171012056,Hard Drinks,57.1614,2009,Medium,Tier 3,Supermarket Type2
10.8,Low Fat,0.061050536,Soft Drinks,151.9024,1987,High,Tier 3,Supermarket Type1
,Low Fat,0.112780422,Soft Drinks,184.7924,1985,Medium,Tier 3,Supermarket Type3
18.35,Regular,0.092209315,Frozen Foods,183.4266,2004,Small,Tier 2,Supermarket Type1
5.19,Regular,0.044342366,Meat,105.199,2002,,Tier 2,Supermarket Type1
10.195,Low Fat,0.107614855,Snack Foods,148.6076,2002,,Tier 2,Supermarket Type1
15.1,Regular,0.019974614,Frozen Foods,131.331,2002,,Tier 2,Supermarket Type1
11.85,Regular,0.050163021,Fruits and Vegetables,163.1526,1999,Medium,Tier 1,Supermarket Type1
12.15,Low Fat,0,Meat,65.1826,1997,Small,Tier 1,Supermarket Type1
,low fat,0,Snack Foods,183.3634,1985,Small,Tier 1,Grocery Store
,Low Fat,0.070649186,Household,73.7696,1985,Medium,Tier 3,Supermarket Type3
9.6,Regular,0.02733844,Snack Foods,258.1304,2004,Small,Tier 2,Supermarket Type1
7.535,Low Fat,0,Soft Drinks,120.244,2009,Medium,Tier 3,Supermarket Type2
12.6,Low Fat,0.082738167,Household,173.5054,2004,Small,Tier 2,Supermarket Type1
12.6,Regular,0.031583781,Baking Goods,172.8764,1999,Medium,Tier 1,Supermarket Type1
17.75,Low Fat,0.097710924,Health and Hygiene,241.9196,1997,Small,Tier 1,Supermarket Type1
15,Low Fat,0,Hard Drinks,45.906,1987,High,Tier 3,Supermarket Type1
,Low Fat,0.130662596,Dairy,110.3228,1985,Small,Tier 1,Grocery Store
,Low Fat,0.106200539,Fruits and Vegetables,178.437,1985,Medium,Tier 3,Supermarket Type3
,Low Fat,0.027144323,Household,172.8106,1985,Medium,Tier 3,Supermarket Type3
5.44,Regular,0.017088476,Baking Goods,176.837,1999,Medium,Tier 1,Supermarket Type1
12.85,Low Fat,0.022731909,Fruits and Vegetables,182.4318,2007,,Tier 2,Supermarket Type1
9.895,Low Fat,0.167691399,Soft Drinks,236.4564,1987,High,Tier 3,Supermarket Type1
12.85,Low Fat,0.108192641,Fruits and Vegetables,231.2642,1997,Small,Tier 1,Supermarket Type1
10.6,Low Fat,0.011079996,Breads,42.2454,1987,High,Tier 3,Supermarket Type1
14.5,Regular,0.128985562,Baking Goods,102.9332,2007,,Tier 2,Supermarket Type1
16.35,Low Fat,0.032532744,Meat,166.3842,2004,Small,Tier 2,Supermarket Type1
11.15,Low Fat,0.056932641,Baking Goods,106.4622,1997,Small,Tier 1,Supermarket Type1
18.25,Low Fat,0.060248633,Starchy Foods,165.2526,1997,Small,Tier 1,Supermarket Type1
,Low Fat,0.092575723,Household,130.9652,1985,Medium,Tier 3,Supermarket Type3
17.25,Regular,0.125932787,Breakfast,38.248,2007,,Tier 2,Supermarket Type1
10.8,Low Fat,0.04992156,Fruits and Vegetables,246.0144,2009,Medium,Tier 3,Supermarket Type2
20.75,Regular,0.129229963,Seafood,240.088,1987,High,Tier 3,Supermarket Type1
11.5,Low Fat,0.174222894,Fruits and Vegetables,129.4652,2009,Medium,Tier 3,Supermarket Type2
11.8,Regular,0.128414313,Snack Foods,33.0558,1998,,Tier 3,Grocery Store
16.6,Low Fat,0.016243582,Health and Hygiene,107.6596,2002,,Tier 2,Supermarket Type1
17.6,Low Fat,0.049027044,Snack Foods,112.6176,1987,High,Tier 3,Supermarket Type1
9.8,Regular,0.045451204,Baking Goods,36.2874,2009,Medium,Tier 3,Supermarket Type2
10.85,Low Fat,0.028724484,Household,116.0808,1999,Medium,Tier 1,Supermarket Type1
16.6,LF,0.122125769,Fruits and Vegetables,174.4738,1987,High,Tier 3,Supermarket Type1
7.905,Low Fat,0.055072409,Frozen Foods,109.1254,1999,Medium,Tier 1,Supermarket Type1
,Low Fat,0.022772467,Frozen Foods,263.2594,1985,Medium,Tier 3,Supermarket Type3
12.6,Low Fat,0.064098602,Health and Hygiene,123.5414,2004,Small,Tier 2,Supermarket Type1
,Low Fat,0.063972131,Household,228.401,1985,Small,Tier 1,Grocery Store
20,Regular,0.060145056,Baking Goods,167.1132,2009,Medium,Tier 3,Supermarket Type2
10.195,Regular,0.14616317,Dairy,193.1794,2002,,Tier 2,Supermarket Type1
10.895,Regular,0.009621861,Dairy,123.073,1997,Small,Tier 1,Supermarket Type1
18.7,Regular,0.091501713,Meat,182.6292,1987,High,Tier 3,Supermarket Type1
14.3,Regular,0.049776901,Meat,211.7586,2002,,Tier 2,Supermarket Type1
13.5,Low Fat,0.092042001,Health and Hygiene,36.6874,1998,,Tier 3,Grocery Store
,Low Fat,0.071717648,Household,259.9594,1985,Medium,Tier 3,Supermarket Type3
17.7,Regular,0,Fruits and Vegetables,80.0276,2004,Small,Tier 2,Supermarket Type1
17,Low Fat,0.052315184,Health and Hygiene,122.773,2002,,Tier 2,Supermarket Type1
20.1,Low Fat,0.014961062,Health and Hygiene,141.5154,1999,Medium,Tier 1,Supermarket Type1
,Regular,0.15679782,Snack Foods,149.8708,1985,Small,Tier 1,Grocery Store
6.55,Low Fat,0.024525828,Breads,104.0332,1997,Small,Tier 1,Supermarket Type1
17,Low Fat,0.1196271,Frozen Foods,249.0434,2002,,Tier 2,Supermarket Type1
14.5,Regular,0.041332726,Canned,40.1454,2002,,Tier 2,Supermarket Type1
15.6,Low Fat,0.025195384,Snack Foods,176.8054,2004,Small,Tier 2,Supermarket Type1
14,Regular,0.060549609,Frozen Foods,156.4656,2002,,Tier 2,Supermarket Type1
5.905,LF,0.045652243,Canned,221.0456,1997,Small,Tier 1,Supermarket Type1
7.26,Low Fat,0.014420795,Meat,116.215,2004,Small,Tier 2,Supermarket Type1
12.3,Low Fat,0.069567714,Soft Drinks,106.0938,1999,Medium,Tier 1,Supermarket Type1
,Low Fat,0.138701966,Frozen Foods,225.4062,1985,Small,Tier 1,Grocery Store
,Low Fat,0.007312702,Frozen Foods,63.1536,1985,Medium,Tier 3,Supermarket Type3
6.615,Low Fat,0.093385381,Dairy,197.8426,1997,Small,Tier 1,Supermarket Type1
12.3,Low Fat,0.11125355,Baking Goods,36.0874,2004,Small,Tier 2,Supermarket Type1
5.905,Low Fat,0.045910471,Canned,222.1456,2007,,Tier 2,Supermarket Type1
,Low Fat,0.033780319,Others,130.4284,1985,Medium,Tier 3,Supermarket Type3
20.1,Regular,0.054903339,Fruits and Vegetables,193.282,2007,,Tier 2,Supermarket Type1
15,Regular,0.078332053,Meat,236.7248,2009,Medium,Tier 3,Supermarket Type2
12.15,Low Fat,0.021846371,Breads,167.1184,2007,,Tier 2,Supermarket Type1
19,Low Fat,0.017715927,Health and Hygiene,212.6244,2004,Small,Tier 2,Supermarket Type1
13,Low Fat,0.099306497,Household,46.706,2004,Small,Tier 2,Supermarket Type1
12.1,LF,0.148682491,Fruits and Vegetables,106.728,2002,,Tier 2,Supermarket Type1
7.685,LF,0.025621558,Health and Hygiene,145.076,2007,,Tier 2,Supermarket Type1
5.825,Low Fat,0.0914091,Household,160.9894,1987,High,Tier 3,Supermarket Type1
20.7,Regular,0.203400773,Frozen Foods,117.9466,1998,,Tier 3,Grocery Store
9.695,Regular,0.029329243,Canned,176.637,2007,,Tier 2,Supermarket Type1
15.85,Low Fat,0.020529174,Household,42.9112,2002,,Tier 2,Supermarket Type1
9.065,Low Fat,0,Frozen Foods,94.4094,1999,Medium,Tier 1,Supermarket Type1
12,Low Fat,0.174459878,Health and Hygiene,258.7278,1998,,Tier 3,Grocery Store
,Regular,0.015860869,Canned,103.499,1985,Small,Tier 1,Grocery Store
5.86,Regular,0.150824783,Meat,157.0314,2004,Small,Tier 2,Supermarket Type1
7.5,Low Fat,0.03275986,Frozen Foods,237.8906,2009,Medium,Tier 3,Supermarket Type2
6.69,Regular,0.036879682,Meat,176.637,1987,High,Tier 3,Supermarket Type1
10.8,Low Fat,0.058551954,Hard Drinks,72.638,2002,,Tier 2,Supermarket Type1
8.89,Low Fat,0.005469959,Frozen Foods,101.7016,1987,High,Tier 3,Supermarket Type1
,Low Fat,0.037222843,Frozen Foods,195.2478,1985,Medium,Tier 3,Supermarket Type3
18,Low Fat,0.047337627,Household,173.6422,1987,High,Tier 3,Supermarket Type1
6.935,Regular,0.041366008,Snack Foods,102.8332,2002,,Tier 2,Supermarket Type1
8.275,Low Fat,0.110461228,Household,103.6306,1999,Medium,Tier 1,Supermarket Type1
15,Regular,0,Canned,185.2266,1999,Medium,Tier 1,Supermarket Type1
18.35,Low Fat,0.05559341,Dairy,153.534,1998,,Tier 3,Grocery Store
,Regular,0.039796377,Meat,87.4514,1985,Medium,Tier 3,Supermarket Type3
20.1,Low Fat,0.034706495,Household,120.1782,1999,Medium,Tier 1,Supermarket Type1
16.5,Low Fat,0.074128491,Canned,205.4638,2009,Medium,Tier 3,Supermarket Type2
16,Regular,0.017578564,Meat,45.9718,1999,Medium,Tier 1,Supermarket Type1
15.1,Regular,0.087901272,Fruits and Vegetables,222.7456,2007,,Tier 2,Supermarket Type1
5.175,reg,0.029541813,Snack Foods,105.1622,1999,Medium,Tier 1,Supermarket Type1
20.1,Low Fat,0.034722896,Household,121.1782,2002,,Tier 2,Supermarket Type1
13.3,Low Fat,0.021269538,Baking Goods,117.2124,2004,Small,Tier 2,Supermarket Type1
12,Low Fat,0.034043337,Canned,182.5976,2002,,Tier 2,Supermarket Type1
7.56,Low Fat,0.063770861,Frozen Foods,154.963,1997,Small,Tier 1,Supermarket Type1
7.905,LF,0.064426754,Hard Drinks,227.0694,2007,,Tier 2,Supermarket Type1
18.1,Low Fat,0.049217255,Household,128.4336,2007,,Tier 2,Supermarket Type1
18.85,Regular,0.13827922,Snack Foods,251.8724,2004,Small,Tier 2,Supermarket Type1
,Low Fat,0.125632716,Household,126.2362,1985,Medium,Tier 3,Supermarket Type3
12.6,Regular,0.073906461,Dairy,256.2356,2004,Small,Tier 2,Supermarket Type1
15.85,Low Fat,0.057637631,Snack Foods,55.0956,2007,,Tier 2,Supermarket Type1
,Low Fat,0.097237755,Health and Hygiene,239.6196,1985,Medium,Tier 3,Supermarket Type3
20.5,Regular,0.112867957,Fruits and Vegetables,195.3478,2009,Medium,Tier 3,Supermarket Type2
12.15,Regular,0.058425726,Fruits and Vegetables,163.2552,1997,Small,Tier 1,Supermarket Type1
14.15,Low Fat,0.042173019,Dairy,52.7982,2004,Small,Tier 2,Supermarket Type1
8.785,Low Fat,0.026007997,Fruits and Vegetables,121.9414,1999,Medium,Tier 1,Supermarket Type1
6.38,Low Fat,0,Dairy,178.5344,1999,Medium,Tier 1,Supermarket Type1
15.35,Low Fat,0.03512042,Household,123.073,1987,High,Tier 3,Supermarket Type1
19.85,Low Fat,0.064521395,Health and Hygiene,126.4704,1999,Medium,Tier 1,Supermarket Type1
13.15,Low Fat,0.056382065,Soft Drinks,143.4812,1987,High,Tier 3,Supermarket Type1
8.35,Regular,0.127386531,Frozen Foods,76.4354,2009,Medium,Tier 3,Supermarket Type2
16.35,Regular,0.062537976,Fruits and Vegetables,226.5062,2002,,Tier 2,Supermarket Type1
8.26,Regular,0.032414575,Soft Drinks,124.973,1987,High,Tier 3,Supermarket Type1
11.8,Low Fat,0.022972713,Health and Hygiene,179.5686,2007,,Tier 2,Supermarket Type1
17.35,Regular,0.062949401,Baking Goods,88.983,1999,Medium,Tier 1,Supermarket Type1
6.695,Low Fat,0.076187616,Starchy Foods,191.382,2009,Medium,Tier 3,Supermarket Type2
15.6,Low Fat,0.143078892,Breakfast,126.4994,2004,Small,Tier 2,Supermarket Type1
,Low Fat,0.02249459,Fruits and Vegetables,180.9318,1985,Medium,Tier 3,Supermarket Type3
15.5,Low Fat,0.103652052,Snack Foods,141.447,2002,,Tier 2,Supermarket Type1
15.3,Low Fat,0.023013626,Household,102.4332,1999,Medium,Tier 1,Supermarket Type1
11.6,Regular,0.157470693,Breakfast,168.9474,2009,Medium,Tier 3,Supermarket Type2
20.5,Regular,0.019229584,Frozen Foods,80.9592,1999,Medium,Tier 1,Supermarket Type1
9.5,Low Fat,0.041001013,Hard Drinks,223.0088,2009,Medium,Tier 3,Supermarket Type2
16.2,Regular,0.128422279,Frozen Foods,177.237,1997,Small,Tier 1,Supermarket Type1
10.5,Low Fat,0.069287489,Fruits and Vegetables,38.3164,1998,,Tier 3,Grocery Store
,Regular,0.073138055,Baking Goods,162.5868,1985,Small,Tier 1,Grocery Store
10.3,LF,0.079189212,Baking Goods,174.737,2007,,Tier 2,Supermarket Type1
6.615,Low Fat,0.093765794,Dairy,199.2426,2009,Medium,Tier 3,Supermarket Type2
9.1,Regular,0.082129741,Breads,176.9054,2007,,Tier 2,Supermarket Type1
20.75,Regular,0.063325948,Breakfast,154.1682,1997,Small,Tier 1,Supermarket Type1
,Low Fat,0.015799406,Snack Foods,161.721,1985,Medium,Tier 3,Supermarket Type3
,Low Fat,0.021481473,Canned,52.0982,1985,Medium,Tier 3,Supermarket Type3
8.185,LF,0.038696828,Fruits and Vegetables,118.5808,1987,High,Tier 3,Supermarket Type1
11.8,Low Fat,0.054144012,Hard Drinks,75.8012,2004,Small,Tier 2,Supermarket Type1
16.75,reg,0.024903892,Soft Drinks,39.1822,2002,,Tier 2,Supermarket Type1
19.7,Low Fat,0.067208126,Snack Foods,175.337,2009,Medium,Tier 3,Supermarket Type2
21.1,Low Fat,0.017746063,Household,234.7958,1998,,Tier 3,Grocery Store
17.85,Low Fat,0.146427351,Breads,93.4436,1997,Small,Tier 1,Supermarket Type1
16,Low Fat,0.099539874,Household,212.3902,2009,Medium,Tier 3,Supermarket Type2
16.75,LF,0.029734029,Snack Foods,37.6822,2004,Small,Tier 2,Supermarket Type1
11.8,Regular,0.170628832,Canned,115.3834,2002,,Tier 2,Supermarket Type1
5.735,Low Fat,0.057283416,Fruits and Vegetables,177.837,2007,,Tier 2,Supermarket Type1
9.285,Regular,0.049481039,Frozen Foods,246.7144,2009,Medium,Tier 3,Supermarket Type2
16,Regular,0.017622773,Meat,48.1718,2009,Medium,Tier 3,Supermarket Type2
5.155,LF,0.083668945,Frozen Foods,249.4776,2007,,Tier 2,Supermarket Type1
10.195,Regular,0.045052492,Fruits and Vegetables,116.5808,1999,Medium,Tier 1,Supermarket Type1
8.71,Low Fat,0,Canned,91.9778,2009,Medium,Tier 3,Supermarket Type2
19.35,Low Fat,0.118770807,Snack Foods,223.2088,2007,,Tier 2,Supermarket Type1
8.895,reg,0.081021001,Snack Foods,49.0008,1987,High,Tier 3,Supermarket Type1
16.5,Low Fat,0.036790859,Household,181.4318,2009,Medium,Tier 3,Supermarket Type2
19.75,Low Fat,0.056724671,Snack Foods,212.7902,1998,,Tier 3,Grocery Store
8.68,Low Fat,0.008853613,Frozen Foods,99.0384,2002,,Tier 2,Supermarket Type1
15.6,Low Fat,0.067103564,Others,186.5924,2007,,Tier 2,Supermarket Type1
19.6,Regular,0.128557634,Snack Foods,169.0816,2009,Medium,Tier 3,Supermarket Type2
,Low Fat,0.075705596,Baking Goods,93.2436,1985,Small,Tier 1,Grocery Store
16.25,Low Fat,0.087351931,Dairy,94.541,2002,,Tier 2,Supermarket Type1
18,Low Fat,0.018007487,Starchy Foods,178.9686,2007,,Tier 2,Supermarket Type1
9.695,Low Fat,0.029618788,Snack Foods,158.892,1999,Medium,Tier 1,Supermarket Type1
9.5,Regular,0.04868553,Starchy Foods,186.8898,1997,Small,Tier 1,Supermarket Type1
10.5,Low Fat,0.027318818,Household,172.7106,1999,Medium,Tier 1,Supermarket Type1
6.65,Low Fat,0.053289916,Canned,147.0734,1997,Small,Tier 1,Supermarket Type1
8.26,Regular,0.032441572,Soft Drinks,121.673,1997,Small,Tier 1,Supermarket Type1
17.75,Low Fat,0.03055448,Others,179.166,1999,Medium,Tier 1,Supermarket Type1
6.325,Low Fat,0.12537274,Frozen Foods,99.7042,1999,Medium,Tier 1,Supermarket Type1
14.3,Regular,0.065308939,Fruits and Vegetables,89.8856,1999,Medium,Tier 1,Supermarket Type1
10.195,Low Fat,0.10739705,Snack Foods,149.5076,1997,Small,Tier 1,Supermarket Type1
20.6,reg,0.046092237,Snack Foods,178.6344,1999,Medium,Tier 1,Supermarket Type1
19.6,Low Fat,0.039801037,Snack Foods,162.4526,2007,,Tier 2,Supermarket Type1
8.42,Regular,0.031017124,Canned,230.1352,2007,,Tier 2,Supermarket Type1
19.6,Low Fat,0.039657436,Snack Foods,165.7526,2002,,Tier 2,Supermarket Type1
12.85,Low Fat,0.022585241,Fruits and Vegetables,181.0318,1987,High,Tier 3,Supermarket Type1
11,Low Fat,0.063428202,Health and Hygiene,40.848,1998,,Tier 3,Grocery Store
14.85,Regular,0.019507599,Dairy,262.091,2004,Small,Tier 2,Supermarket Type1
15.6,Regular,0.059430002,Snack Foods,112.0518,1998,,Tier 3,Grocery Store
12.35,Low Fat,0.164609767,Household,117.6124,2009,Medium,Tier 3,Supermarket Type2
,Low Fat,0.101729922,Dairy,246.2802,1985,Small,Tier 1,Grocery Store
5.73,Low Fat,0.045363276,Soft Drinks,85.1882,2004,Small,Tier 2,Supermarket Type1
5.78,Low Fat,0.096368001,Breads,160.6552,2004,Small,Tier 2,Supermarket Type1
19.2,Regular,0,Frozen Foods,189.6214,2004,Small,Tier 2,Supermarket Type1
20.5,Low Fat,0.032768691,Household,40.9822,1997,Small,Tier 1,Supermarket Type1
11.6,Low Fat,0.038675869,Dairy,55.1272,2009,Medium,Tier 3,Supermarket Type2
9.195,Regular,0.063960902,Frozen Foods,86.4566,1987,High,Tier 3,Supermarket Type1
5.98,Low Fat,0.126468543,Hard Drinks,56.3614,1998,,Tier 3,Grocery Store
9.395,Low Fat,0.103961646,Snack Foods,236.0932,2002,,Tier 2,Supermarket Type1
5.75,Regular,0.075170211,Dairy,115.3176,1997,Small,Tier 1,Supermarket Type1
19,Low Fat,0.067391444,Snack Foods,129.6626,1987,High,Tier 3,Supermarket Type1
,LF,0.030899314,Fruits and Vegetables,101.999,1985,Medium,Tier 3,Supermarket Type3
20.35,Low Fat,0.08396923,Meat,183.8292,2002,,Tier 2,Supermarket Type1
10.695,Regular,0.060788771,Breakfast,175.6712,2002,,Tier 2,Supermarket Type1
20.2,Regular,0.039308756,Breakfast,156.463,1999,Medium,Tier 1,Supermarket Type1
18.7,Low Fat,0.014652476,Soft Drinks,52.3324,2009,Medium,Tier 3,Supermarket Type2
,Regular,0.085515417,Snack Foods,170.979,1985,Medium,Tier 3,Supermarket Type3
,Low Fat,0.021492148,Fruits and Vegetables,161.1894,1985,Small,Tier 1,Grocery Store
9.105,Low Fat,0.038638642,Household,32.39,2009,Medium,Tier 3,Supermarket Type2
16.75,Low Fat,0.021224126,Hard Drinks,52.7298,1997,Small,Tier 1,Supermarket Type1
5.655,Low Fat,0.085204025,Fruits and Vegetables,168.45,1987,High,Tier 3,Supermarket Type1
7.905,Low Fat,0.107230638,Hard Drinks,226.6694,1998,,Tier 3,Grocery Store
18.85,Low Fat,0.055583959,Baking Goods,131.7284,2009,Medium,Tier 3,Supermarket Type2
9.8,Regular,0.140896203,Baking Goods,50.2008,2002,,Tier 2,Supermarket Type1
12.15,Low Fat,0.006787278,Others,122.573,2009,Medium,Tier 3,Supermarket Type2
15.6,Low Fat,0.066997948,Others,184.0924,2009,Medium,Tier 3,Supermarket Type2
,Low Fat,0,Snack Foods,123.1756,1985,Medium,Tier 3,Supermarket Type3
7.725,Low Fat,0.047773924,Canned,251.0092,2004,Small,Tier 2,Supermarket Type1
,LF,0.060683277,Household,253.3698,1985,Medium,Tier 3,Supermarket Type3
15.5,Regular,0.125883329,Fruits and Vegetables,175.4028,1999,Medium,Tier 1,Supermarket Type1
8.895,Low Fat,0.105705241,Dairy,40.0138,2007,,Tier 2,Supermarket Type1
10.3,Low Fat,0.070325509,Dairy,264.3226,2009,Medium,Tier 3,Supermarket Type2
20.85,Regular,0.056455037,Breads,102.7648,2004,Small,Tier 2,Supermarket Type1
20,Regular,0,Baking Goods,169.1132,2007,,Tier 2,Supermarket Type1
,Low Fat,0.310376916,Household,172.2422,1985,Small,Tier 1,Grocery Store
20.25,Low Fat,0.036531539,Dairy,218.1482,2007,,Tier 2,Supermarket Type1
12.35,LF,0.09991293,Fruits and Vegetables,113.4518,1999,Medium,Tier 1,Supermarket Type1
,Regular,0.053324723,Fruits and Vegetables,222.5088,1985,Medium,Tier 3,Supermarket Type3
13.85,Regular,0.085447928,Meat,120.4124,2002,,Tier 2,Supermarket Type1
19.25,Regular,0.058264085,Frozen Foods,81.9908,2004,Small,Tier 2,Supermarket Type1
9.6,Low Fat,0.084882966,Baking Goods,106.528,1987,High,Tier 3,Supermarket Type1
8.43,Low Fat,0.028999721,Soft Drinks,195.8768,1998,,Tier 3,Grocery Store
,Low Fat,0.040176104,Household,244.3144,1985,Medium,Tier 3,Supermarket Type3
19.7,Low Fat,0.067071206,Snack Foods,177.637,2002,,Tier 2,Supermarket Type1
14,Low Fat,0.0288575,Health and Hygiene,131.431,2004,Small,Tier 2,Supermarket Type1
8,Regular,0.030239711,Breads,250.6092,1987,High,Tier 3,Supermarket Type1
6.095,Low Fat,0.081322858,Others,141.2154,1999,Medium,Tier 1,Supermarket Type1
,Low Fat,0.224472159,Breads,155.4314,1985,Small,Tier 1,Grocery Store
13.3,Low Fat,0.00963535,Snack Foods,61.651,2007,,Tier 2,Supermarket Type1
12.5,Low Fat,0.103603094,Household,169.1448,1999,Medium,Tier 1,Supermarket Type1
14,Regular,0.029717039,Dairy,143.8786,2004,Small,Tier 2,Supermarket Type1
15.5,Low Fat,0.089334085,Soft Drinks,44.477,1998,,Tier 3,Grocery Store
17.35,Regular,0.063107714,Baking Goods,91.283,2009,Medium,Tier 3,Supermarket Type2
13.15,Low Fat,0.020748121,Breads,82.7566,1999,Medium,Tier 1,Supermarket Type1
16.85,Regular,0.023190398,Snack Foods,44.8428,1999,Medium,Tier 1,Supermarket Type1
6.8,Low Fat,0.037709148,Baking Goods,49.7034,2007,,Tier 2,Supermarket Type1
6.78,Regular,0.140136534,Baking Goods,94.712,2004,Small,Tier 2,Supermarket Type1
,Low Fat,0.035786568,Snack Foods,186.4924,1985,Medium,Tier 3,Supermarket Type3
,Low Fat,0.036760791,Snack Foods,116.9834,1985,Medium,Tier 3,Supermarket Type3
11.15,Low Fat,0.05716456,Baking Goods,103.8622,2009,Medium,Tier 3,Supermarket Type2
,Low Fat,0.037399255,Fruits and Vegetables,173.1054,1985,Medium,Tier 3,Supermarket Type3
20.25,Regular,0,Canned,185.7924,2009,Medium,Tier 3,Supermarket Type2
,Low Fat,0.153243627,Starchy Foods,109.1938,1985,Medium,Tier 3,Supermarket Type3
,Regular,0.101626463,Fruits and Vegetables,237.4564,1985,Small,Tier 1,Grocery Store
,Low Fat,0.163640988,Baking Goods,144.2812,1985,Small,Tier 1,Grocery Store
7.96,Low Fat,0.0284073,Canned,162.9894,1999,Medium,Tier 1,Supermarket Type1
12.15,Low Fat,0.037973245,Meat,63.0826,2002,,Tier 2,Supermarket Type1
5.425,Regular,0.114704556,Baking Goods,90.2514,2002,,Tier 2,Supermarket Type1
15.1,Low Fat,0.076012177,Baking Goods,90.283,1987,High,Tier 3,Supermarket Type1
7.42,Regular,0.025719421,Snack Foods,189.5872,1987,High,Tier 3,Supermarket Type1
17.35,Regular,0.041558343,Frozen Foods,90.5804,2002,,Tier 2,Supermarket Type1
16,Low Fat,0.057382845,Dairy,224.7404,2007,,Tier 2,Supermarket Type1
,Low Fat,0.01522774,Snack Foods,154.134,1985,Medium,Tier 3,Supermarket Type3
11.65,Regular,0.01091879,Meat,110.7544,1997,Small,Tier 1,Supermarket Type1
10.5,Regular,0.0662837,Starchy Foods,78.996,1999,Medium,Tier 1,Supermarket Type1
6.13,Low Fat,0.028436862,Household,109.0912,2009,Medium,Tier 3,Supermarket Type2
18.85,Low Fat,0.039805092,Snack Foods,40.348,2009,Medium,Tier 3,Supermarket Type2
17.75,Low Fat,0,Baking Goods,112.0544,2004,Small,Tier 2,Supermarket Type1
18.6,Low Fat,0.015801675,Snack Foods,152.4366,2002,,Tier 2,Supermarket Type1
,Low Fat,0.045846525,Household,120.8098,1985,Small,Tier 1,Grocery Store
8.75,Regular,0.075049323,Fruits and Vegetables,188.2556,2007,,Tier 2,Supermarket Type1
,Regular,0.067795854,Canned,104.499,1985,Medium,Tier 3,Supermarket Type3
14.15,Low Fat,0,Fruits and Vegetables,125.2046,1987,High,Tier 3,Supermarket Type1
6.92,Regular,0.130815962,Breakfast,92.4804,1987,High,Tier 3,Supermarket Type1
13.15,Low Fat,0.024689595,Household,177.0686,1999,Medium,Tier 1,Supermarket Type1
17.75,Low Fat,0.073825883,Seafood,34.8216,2007,,Tier 2,Supermarket Type1
12.6,Regular,0.03152879,Baking Goods,170.3764,2004,Small,Tier 2,Supermarket Type1
13,Low Fat,0.05876482,Household,47.3034,1998,,Tier 3,Grocery Store
11.6,Regular,0.156831826,Breakfast,166.5474,1997,Small,Tier 1,Supermarket Type1
9.8,Low Fat,0.024383317,Health and Hygiene,114.0492,1997,Small,Tier 1,Supermarket Type1
11.15,Regular,0.0082799,Dairy,151.8708,1997,Small,Tier 1,Supermarket Type1
16.5,Low Fat,0.036848856,Household,181.3318,2007,,Tier 2,Supermarket Type1
10.8,Low Fat,0.048445132,Snack Foods,239.4222,1998,,Tier 3,Grocery Store
12.65,Low Fat,0.047310687,Others,113.3202,1999,Medium,Tier 1,Supermarket Type1
,Regular,0.019416804,Dairy,263.491,1985,Medium,Tier 3,Supermarket Type3
6.445,Low Fat,0.029737925,Baking Goods,96.5436,1999,Medium,Tier 1,Supermarket Type1
,Low Fat,0.059064826,Snack Foods,99.67,1985,Medium,Tier 3,Supermarket Type3
6.325,low fat,0.125073951,Frozen Foods,100.6042,1987,High,Tier 3,Supermarket Type1
12.1,Low Fat,0.01542162,Household,162.5526,1987,High,Tier 3,Supermarket Type1
8.27,Regular,0.089918992,Snack Foods,150.7708,2009,Medium,Tier 3,Supermarket Type2
8.71,Regular,0.045986314,Dairy,45.5744,1997,Small,Tier 1,Supermarket Type1
6.13,Low Fat,0.028321492,Household,108.0912,1997,Small,Tier 1,Supermarket Type1
,Regular,0.040733779,Fruits and Vegetables,81.2276,1985,Medium,Tier 3,Supermarket Type3
10.65,Regular,0.085065105,Snack Foods,228.9668,1987,High,Tier 3,Supermarket Type1
11.5,LF,0.017669658,Health and Hygiene,129.8626,1999,Medium,Tier 1,Supermarket Type1
8.63,Regular,0.033043717,Snack Foods,112.8518,2009,Medium,Tier 3,Supermarket Type2
5.92,Regular,0.03213687,Soft Drinks,49.1692,1998,,Tier 3,Grocery Store
,Low Fat,0.13614823,Dairy,263.2568,1985,Medium,Tier 3,Supermarket Type3
,Low Fat,0.045198261,Health and Hygiene,150.2392,1985,Medium,Tier 3,Supermarket Type3
15.5,Regular,0.156928379,Snack Foods,148.2418,1997,Small,Tier 1,Supermarket Type1
,Low Fat,0.042629339,Dairy,178.7028,1985,Medium,Tier 3,Supermarket Type3
15.7,Regular,0.114743211,Canned,112.1202,1999,Medium,Tier 1,Supermarket Type1
17.7,Low Fat,0.085261544,Household,127.7678,1998,,Tier 3,Grocery Store
7.55,Low Fat,0.027147206,Canned,151.134,1987,High,Tier 3,Supermarket Type1
8.895,Regular,0.14783322,Snack Foods,121.273,1998,,Tier 3,Grocery Store
10,Low Fat,0.038678487,Fruits and Vegetables,245.7144,2004,Small,Tier 2,Supermarket Type1
,Regular,0.071498575,Dairy,195.7794,1985,Medium,Tier 3,Supermarket Type3
15.2,Low Fat,0.097062093,Health and Hygiene,116.6492,1997,Small,Tier 1,Supermarket Type1
,Low Fat,0.035483325,Health and Hygiene,91.912,1985,Medium,Tier 3,Supermarket Type3
7.685,Low Fat,0.042644024,Health and Hygiene,147.876,1998,,Tier 3,Grocery Store
9.8,Regular,0.056705486,Breads,83.4908,2007,,Tier 2,Supermarket Type1
6.935,Regular,0.069098084,Snack Foods,101.6332,1998,,Tier 3,Grocery Store
12.6,Low Fat,0.056030907,Seafood,50.7982,1987,High,Tier 3,Supermarket Type1
13,Low Fat,0.099526713,Household,46.706,2002,,Tier 2,Supermarket Type1
18.1,Low Fat,0.177935403,Dairy,155.6288,2004,Small,Tier 2,Supermarket Type1
,Low Fat,0.013774708,Soft Drinks,45.106,1985,Medium,Tier 3,Supermarket Type3
,LF,0.063258348,Frozen Foods,149.3708,1985,Medium,Tier 3,Supermarket Type3
,Regular,0.02577108,Frozen Foods,163.621,1985,Medium,Tier 3,Supermarket Type3
18.7,Low Fat,0.0578629,Dairy,86.2566,2007,,Tier 2,Supermarket Type1
,Regular,0.01137013,Snack Foods,75.2038,1985,Medium,Tier 3,Supermarket Type3
6.365,Low Fat,0,Frozen Foods,62.5536,2004,Small,Tier 2,Supermarket Type1
15.25,LF,0.026587669,Snack Foods,85.9198,1987,High,Tier 3,Supermarket Type1
18.35,Low Fat,0.015366655,Hard Drinks,105.5938,2009,Medium,Tier 3,Supermarket Type2
8.785,Low Fat,0.020577225,Soft Drinks,154.2656,1997,Small,Tier 1,Supermarket Type1
8.645,Low Fat,0.021586004,Canned,53.7982,1997,Small,Tier 1,Supermarket Type1
20.2,Regular,0.039240315,Breakfast,154.463,2004,Small,Tier 2,Supermarket Type1
19.85,Low Fat,0.045660601,Fruits and Vegetables,124.502,2004,Small,Tier 2,Supermarket Type1
,Regular,0.035086303,Fruits and Vegetables,159.1578,1985,Medium,Tier 3,Supermarket Type3
16.35,Low Fat,0.090745855,Household,196.411,2002,,Tier 2,Supermarket Type1
13.5,Regular,0.209684121,Snack Foods,261.191,1998,,Tier 3,Grocery Store
15.5,Low Fat,0.103863648,Snack Foods,143.147,2009,Medium,Tier 3,Supermarket Type2
11.5,Low Fat,0.046195515,Snack Foods,117.4124,1999,Medium,Tier 1,Supermarket Type1
11,Low Fat,0.106001313,Breads,125.5046,1999,Medium,Tier 1,Supermarket Type1
7.47,Regular,0.152387525,Frozen Foods,214.3218,1999,Medium,Tier 1,Supermarket Type1
12.1,Low Fat,0.011530019,Dairy,162.4526,1987,High,Tier 3,Supermarket Type1
,Low Fat,0.203536932,Fruits and Vegetables,93.2436,1985,Small,Tier 1,Grocery Store
,Low Fat,0.166772358,Household,193.0136,1985,Medium,Tier 3,Supermarket Type3
11.5,Low Fat,0.017627547,Health and Hygiene,130.4626,1987,High,Tier 3,Supermarket Type1
,Low Fat,0.042414494,Frozen Foods,196.311,1985,Medium,Tier 3,Supermarket Type3
9.695,Low Fat,0.029740086,Snack Foods,161.392,2007,,Tier 2,Supermarket Type1
16.75,Low Fat,0.029907872,Snack Foods,37.4822,2007,,Tier 2,Supermarket Type1
11.6,Low Fat,0.017730232,Canned,179.6686,1987,High,Tier 3,Supermarket Type1
,LF,0.011035524,Breads,42.1454,1985,Medium,Tier 3,Supermarket Type3
8.895,Regular,0.088322179,Snack Foods,124.273,1997,Small,Tier 1,Supermarket Type1
18,Low Fat,0.047368095,Household,171.7422,2004,Small,Tier 2,Supermarket Type1
8.775,Low Fat,0.021585405,Fruits and Vegetables,109.9228,1987,High,Tier 3,Supermarket Type1
5.825,Low Fat,0.091670767,Household,161.3894,2002,,Tier 2,Supermarket Type1
19.7,Low Fat,0.024693927,Soft Drinks,80.7592,1999,Medium,Tier 1,Supermarket Type1
14.85,Low Fat,0.098601801,Fruits and Vegetables,170.3474,2002,,Tier 2,Supermarket Type1
10.895,Low Fat,0.021070361,Health and Hygiene,254.6672,2007,,Tier 2,Supermarket Type1
6.695,Low Fat,0.076032402,Starchy Foods,191.782,2002,,Tier 2,Supermarket Type1
13.8,reg,0.014816444,Canned,87.5172,2007,,Tier 2,Supermarket Type1
15.35,Regular,0.113857626,Fruits and Vegetables,190.2504,2007,,Tier 2,Supermarket Type1
11.65,Low Fat,0.174016121,Dairy,55.9298,2004,Small,Tier 2,Supermarket Type1
20.35,Low Fat,0.021359628,Household,78.7328,1999,Medium,Tier 1,Supermarket Type1
,Low Fat,0.044690933,Health and Hygiene,139.6838,1985,Medium,Tier 3,Supermarket Type3
9.195,Regular,0,Fruits and Vegetables,99.9016,2007,,Tier 2,Supermarket Type1
20.85,Regular,0.056418725,Breads,105.7648,1987,High,Tier 3,Supermarket Type1
14.85,Regular,0.009936905,Snack Foods,156.963,2004,Small,Tier 2,Supermarket Type1
12.85,Low Fat,0.108172183,Fruits and Vegetables,234.2642,2004,Small,Tier 2,Supermarket Type1
,Low Fat,0.158562878,Soft Drinks,227.372,1985,Medium,Tier 3,Supermarket Type3
18.25,Low Fat,0.079218842,Frozen Foods,227.0062,1997,Small,Tier 1,Supermarket Type1
14,reg,0.029890782,Dairy,146.3786,2007,,Tier 2,Supermarket Type1
16.7,Low Fat,0.070300718,Fruits and Vegetables,109.3912,1999,Medium,Tier 1,Supermarket Type1
9.6,LF,0.036278264,Fruits and Vegetables,141.4154,2004,Small,Tier 2,Supermarket Type1